Time,1,2,3,4
Wed Feb 14 16:26:57 2024,15.002,14.992,14.999,15.002
Wed Feb 14 16:27:11 2024,15.003,14.999,14.998,15.002
Wed Feb 14 16:27:26 2024,15.003,15.003,15.0,14.999
Wed Feb 14 16:27:41 2024,15.002,14.995,15.0,15.004
Wed Feb 14 16:27:56 2024,14.997,14.996,15.001,15.002
Wed Feb 14 16:28:11 2024,15.003,15.0,15.0,15.001
Wed Feb 14 16:28:26 2024,15.0,15.007,14.999,14.999
Wed Feb 14 16:28:41 2024,15.0,15.003,15.002,15.0
Wed Feb 14 16:28:56 2024,14.998,14.998,15.002,15.001
Wed Feb 14 16:29:10 2024,15.0,14.998,14.998,15.002
Wed Feb 14 16:29:25 2024,14.998,15.005,14.998,14.999
Wed Feb 14 16:29:40 2024,14.998,14.992,14.999,15.001
Wed Feb 14 16:29:55 2024,14.998,14.988,15.003,15.001
Wed Feb 14 16:30:10 2024,14.997,14.997,14.998,14.999
Wed Feb 14 16:30:25 2024,15.003,15.003,14.998,14.997
Wed Feb 14 16:30:40 2024,15.002,14.999,15.002,15.001
Wed Feb 14 16:30:54 2024,15.0,15.005,14.999,15.001
Wed Feb 14 16:31:09 2024,14.998,14.999,15.002,14.995
Wed Feb 14 16:31:24 2024,15.0,14.994,15.003,15.0
Wed Feb 14 16:31:39 2024,14.998,15.02,14.998,14.995
Wed Feb 14 16:31:54 2024,14.998,15.001,15.002,15.002
Wed Feb 14 16:32:09 2024,14.998,15.008,14.998,15.002
Wed Feb 14 16:33:35 2024,15.0,15.001,14.999,15.0
Wed Feb 14 16:33:54 2024,15.0,14.998,15.0,15.001
Wed Feb 14 16:34:13 2024,15.0,14.972,15.003,15.004
Wed Feb 14 16:34:32 2024,15.0,14.987,15.001,15.001
Wed Feb 14 16:34:50 2024,14.998,15.001,15.0,14.998
Wed Feb 14 16:35:09 2024,15.0,15.01,14.999,14.999
Wed Feb 14 16:35:28 2024,15.0,15.002,15.0,14.999
Wed Feb 14 16:35:47 2024,15.002,14.996,14.998,15.002
Wed Feb 14 16:36:07 2024,15.002,15.004,14.999,15.002
Wed Feb 14 16:36:26 2024,14.998,14.996,15.0,15.002
Wed Feb 14 16:36:46 2024,14.998,15.014,15.0,14.994
Wed Feb 14 16:37:05 2024,15.0,14.996,14.999,15.001
Wed Feb 14 16:37:23 2024,15.0,14.992,14.999,15.002
Wed Feb 14 16:37:42 2024,15.002,14.985,14.999,14.999
Wed Feb 14 16:38:01 2024,15.002,15.002,14.999,14.999
Wed Feb 14 16:38:20 2024,15.002,15.0,15.0,15.006
Wed Feb 14 16:38:39 2024,14.998,15.009,14.998,15.002
Wed Feb 14 16:38:58 2024,15.002,15.001,15.0,14.998
Wed Feb 14 16:39:17 2024,14.998,15.002,15.0,14.998
Wed Feb 14 16:39:36 2024,15.0,15.0,15.001,15.001
Wed Feb 14 16:39:55 2024,15.011,15.0,15.002,15.002
Wed Feb 14 16:40:14 2024,14.998,15.0,14.999,15.003
Wed Feb 14 16:41:39 2024,14.995,15.009,14.998,14.999
Wed Feb 14 16:41:58 2024,14.997,15.002,15.0,15.002
Wed Feb 14 16:42:17 2024,15.0,15.0,15.001,15.0
Wed Feb 14 16:42:36 2024,15.0,14.991,15.003,14.999
Wed Feb 14 16:42:55 2024,15.011,15.001,14.999,15.002
Wed Feb 14 16:43:14 2024,14.997,14.999,15.0,15.001
Wed Feb 14 16:43:33 2024,14.998,15.003,14.999,15.001
Wed Feb 14 16:43:52 2024,15.0,15.023,14.995,14.998
Wed Feb 14 16:44:11 2024,15.0,15.006,15.0,14.999
Wed Feb 14 16:44:31 2024,15.003,14.998,15.001,15.002
Wed Feb 14 16:44:49 2024,15.0,15.002,14.997,14.998
Wed Feb 14 16:45:08 2024,15.0,15.001,14.999,15.001
Wed Feb 14 16:45:27 2024,15.002,15.001,15.0,14.999
Wed Feb 14 16:45:46 2024,15.003,15.0,15.0,15.0
Wed Feb 14 16:46:05 2024,15.0,14.998,15.0,15.002
Wed Feb 14 16:46:24 2024,15.0,14.997,14.999,15.001
Wed Feb 14 16:46:43 2024,14.998,14.999,15.0,15.0
Wed Feb 14 16:47:02 2024,15.0,15.0,15.0,14.999
Wed Feb 14 16:47:21 2024,14.998,15.002,14.998,14.996
Wed Feb 14 16:47:40 2024,14.997,14.991,15.002,14.999
Wed Feb 14 16:47:59 2024,15.0,15.0,15.0,15.002
Wed Feb 14 16:48:18 2024,15.002,15.002,14.999,14.999
Wed Feb 14 16:49:43 2024,15.0,14.998,15.0,15.002
Wed Feb 14 16:50:02 2024,15.002,15.0,15.0,15.0
Wed Feb 14 16:50:21 2024,15.002,15.0,14.999,14.999
Wed Feb 14 16:50:40 2024,14.998,14.998,14.998,15.0
Wed Feb 14 16:50:59 2024,14.998,14.989,15.002,15.002
Wed Feb 14 16:51:18 2024,15.0,15.001,14.999,15.0
Wed Feb 14 16:51:37 2024,15.002,14.996,14.999,15.0
Wed Feb 14 16:51:56 2024,14.998,15.002,15.001,14.999
Wed Feb 14 16:52:15 2024,15.002,14.999,15.0,15.001
Wed Feb 14 16:52:35 2024,14.997,15.003,15.001,15.001
Wed Feb 14 16:52:54 2024,15.0,15.0,15.002,15.0
Wed Feb 14 16:53:13 2024,14.998,15.0,15.001,15.001
Wed Feb 14 16:53:32 2024,15.0,15.01,14.997,14.998
Wed Feb 14 16:53:51 2024,14.995,15.0,15.0,15.002
Wed Feb 14 16:54:10 2024,15.0,15.001,15.002,15.001
Wed Feb 14 16:54:28 2024,15.002,14.999,15.002,15.0
Wed Feb 14 16:54:47 2024,15.002,15.002,14.998,15.001
Wed Feb 14 16:55:06 2024,15.002,15.003,15.0,15.0
Wed Feb 14 16:55:25 2024,14.998,15.004,15.0,14.999
Wed Feb 14 16:55:44 2024,15.002,14.998,15.001,15.002
Wed Feb 14 16:56:03 2024,14.998,14.998,14.997,15.0
Wed Feb 14 16:56:22 2024,15.0,14.994,15.0,14.999
Wed Feb 14 16:57:47 2024,15.0,14.998,14.998,15.0
Wed Feb 14 16:58:06 2024,15.002,14.996,15.0,15.004
Wed Feb 14 16:58:25 2024,15.0,15.001,15.002,15.0
Wed Feb 14 16:58:45 2024,15.002,14.999,14.998,15.002
Wed Feb 14 16:59:04 2024,15.0,14.998,15.001,15.001
Wed Feb 14 16:59:23 2024,15.0,14.996,15.0,14.999
Wed Feb 14 16:59:42 2024,15.0,15.004,15.0,15.001
Wed Feb 14 17:00:01 2024,15.0,15.001,15.0,14.998
Wed Feb 14 17:00:20 2024,15.0,14.998,15.002,15.001
Wed Feb 14 17:00:40 2024,14.998,15.002,14.997,14.999
Wed Feb 14 17:00:59 2024,14.998,15.0,15.0,14.999
Wed Feb 14 17:01:17 2024,14.998,14.991,15.0,15.002
Wed Feb 14 17:01:36 2024,15.0,15.001,15.0,15.0
Wed Feb 14 17:01:55 2024,15.002,14.998,15.0,14.999
Wed Feb 14 17:02:14 2024,15.003,15.02,14.997,14.996
Wed Feb 14 17:02:33 2024,14.998,15.0,14.998,15.0
Wed Feb 14 17:02:52 2024,15.0,14.995,15.001,15.0
Wed Feb 14 17:03:11 2024,15.0,14.998,15.0,15.0
Wed Feb 14 17:03:30 2024,15.0,14.998,15.0,15.001
Wed Feb 14 17:03:49 2024,15.0,15.001,15.0,15.002
Wed Feb 14 17:04:08 2024,15.002,15.0,14.998,15.001
Wed Feb 14 17:04:27 2024,15.0,15.001,15.0,14.999
Wed Feb 14 17:05:52 2024,15.0,14.998,15.0,15.0
Wed Feb 14 17:06:11 2024,15.002,15.003,15.0,14.999
Wed Feb 14 17:06:30 2024,14.998,14.997,14.999,14.999
Wed Feb 14 17:06:49 2024,15.002,15.0,15.0,15.0
Wed Feb 14 17:07:08 2024,14.997,15.008,14.999,14.999
Wed Feb 14 17:07:27 2024,14.998,15.0,15.001,15.001
Wed Feb 14 17:07:46 2024,15.0,15.002,15.0,14.998
Wed Feb 14 17:08:05 2024,14.998,14.998,15.0,15.001
Wed Feb 14 17:08:24 2024,15.0,15.001,14.998,14.999
Wed Feb 14 17:08:44 2024,14.998,15.016,14.999,14.998
Wed Feb 14 17:09:03 2024,15.003,15.0,14.999,15.001
Wed Feb 14 17:09:22 2024,14.998,14.996,15.001,14.998
Wed Feb 14 17:09:41 2024,15.0,14.993,15.0,15.002
Wed Feb 14 17:10:00 2024,15.002,15.019,14.998,14.996
Wed Feb 14 17:10:19 2024,14.997,15.001,15.0,15.001
Wed Feb 14 17:10:38 2024,15.0,14.995,15.001,15.002
Wed Feb 14 17:10:57 2024,15.002,15.0,14.998,15.0
Wed Feb 14 17:11:16 2024,15.002,15.015,15.002,15.0
Wed Feb 14 17:11:35 2024,15.0,15.001,15.0,14.998
Wed Feb 14 17:11:54 2024,15.002,14.998,15.0,15.0
Wed Feb 14 17:12:13 2024,15.0,14.994,15.001,15.001
Wed Feb 14 17:12:31 2024,15.0,15.0,15.0,14.999
Wed Feb 14 17:13:57 2024,15.003,15.0,15.0,15.0
Wed Feb 14 17:14:16 2024,15.002,15.003,15.0,14.996
Wed Feb 14 17:14:35 2024,15.002,15.002,14.999,15.002
Wed Feb 14 17:14:54 2024,15.0,14.998,14.999,15.0
Wed Feb 14 17:15:13 2024,15.0,15.007,14.999,14.999
Wed Feb 14 17:15:32 2024,14.998,14.999,15.0,14.999
Wed Feb 14 17:15:51 2024,15.0,15.0,15.0,14.998
Wed Feb 14 17:16:10 2024,15.0,15.002,15.0,15.0
Wed Feb 14 17:16:29 2024,14.998,14.999,14.997,15.002
Wed Feb 14 17:16:48 2024,15.002,14.997,15.001,15.001
Wed Feb 14 17:17:07 2024,15.002,15.0,15.002,15.0
Wed Feb 14 17:17:26 2024,15.0,15.002,15.0,15.0
Wed Feb 14 17:17:45 2024,15.002,15.002,14.999,15.001
Wed Feb 14 17:18:04 2024,14.998,15.002,15.002,15.0
Wed Feb 14 17:18:23 2024,15.0,14.997,15.001,15.002
Wed Feb 14 17:18:42 2024,14.998,14.999,14.999,15.0
Wed Feb 14 17:19:01 2024,14.998,14.996,14.999,14.999
Wed Feb 14 17:19:20 2024,14.998,15.001,15.001,14.998
Wed Feb 14 17:19:39 2024,15.002,14.998,14.999,15.0
Wed Feb 14 17:19:58 2024,15.0,14.993,15.001,14.998
Wed Feb 14 17:20:17 2024,15.0,15.003,15.001,14.999
Wed Feb 14 17:20:36 2024,15.0,14.999,15.0,15.002
Wed Feb 14 17:22:01 2024,15.003,15.005,15.001,14.998
Wed Feb 14 17:22:16 2024,14.998,15.0,15.0,14.998
Wed Feb 14 17:22:31 2024,15.0,15.001,15.0,15.0
Wed Feb 14 17:22:46 2024,15.005,14.999,15.0,15.0
Wed Feb 14 17:23:01 2024,15.002,14.998,14.997,15.002
Wed Feb 14 17:23:16 2024,15.0,15.0,15.0,15.001
Wed Feb 14 17:23:31 2024,15.002,14.995,15.001,15.001
Wed Feb 14 17:23:46 2024,15.0,14.989,15.002,15.0
Wed Feb 14 17:24:01 2024,15.0,15.002,15.001,15.001
Wed Feb 14 17:24:16 2024,14.998,15.003,14.998,15.0
Wed Feb 14 17:24:31 2024,15.0,15.002,15.002,15.0
Wed Feb 14 17:24:46 2024,15.003,14.993,14.999,15.001
Wed Feb 14 17:25:01 2024,14.998,15.0,14.997,15.0
Wed Feb 14 17:25:16 2024,14.998,14.995,15.005,15.0
Wed Feb 14 17:25:31 2024,14.998,14.998,15.002,15.0
Wed Feb 14 17:25:46 2024,15.0,15.0,14.997,14.999
Wed Feb 14 17:26:01 2024,15.0,15.0,15.0,15.002
Wed Feb 14 17:26:16 2024,15.0,15.001,15.001,14.998
Wed Feb 14 17:26:31 2024,15.002,15.001,15.0,15.0
Wed Feb 14 17:26:45 2024,15.002,15.009,14.998,14.998
Wed Feb 14 17:27:00 2024,15.003,15.025,14.999,14.997
Wed Feb 14 17:27:15 2024,15.0,14.999,14.998,15.001
Wed Feb 14 17:27:30 2024,14.998,15.008,15.001,14.999
Wed Feb 14 17:27:45 2024,15.002,14.996,15.001,15.004
Wed Feb 14 17:28:00 2024,14.998,15.001,14.999,14.999
Wed Feb 14 17:28:15 2024,15.0,15.0,15.001,15.0
Wed Feb 14 17:28:30 2024,14.998,14.995,15.001,15.001
Wed Feb 14 17:28:45 2024,14.998,15.016,14.998,15.002
Wed Feb 14 17:29:00 2024,14.998,14.999,15.0,14.998
Wed Feb 14 17:29:15 2024,15.002,14.998,15.0,14.999
Wed Feb 14 17:29:29 2024,14.998,15.0,15.0,15.0
Wed Feb 14 17:29:44 2024,15.003,15.001,15.001,14.999
Wed Feb 14 17:29:59 2024,14.997,14.998,15.0,14.998
Wed Feb 14 17:30:14 2024,15.002,15.005,15.0,15.001
Wed Feb 14 17:30:29 2024,15.002,14.997,14.998,14.999
Wed Feb 14 17:30:44 2024,15.0,15.012,14.999,14.998
Wed Feb 14 17:30:59 2024,15.0,14.999,15.0,15.0
Wed Feb 14 17:31:14 2024,15.0,15.0,15.0,15.001
Wed Feb 14 17:31:29 2024,15.002,14.998,15.0,15.002
Wed Feb 14 17:31:43 2024,14.997,14.998,15.001,15.002
Wed Feb 14 17:31:58 2024,15.0,15.0,15.0,15.0
Wed Feb 14 17:32:14 2024,14.998,15.009,14.999,14.996
Wed Feb 14 17:32:29 2024,15.0,14.994,15.001,15.002
Wed Feb 14 17:32:44 2024,15.0,15.001,15.001,15.002
Wed Feb 14 17:32:59 2024,15.0,15.001,15.001,14.995
Wed Feb 14 17:33:14 2024,14.998,15.002,15.0,15.0
Wed Feb 14 17:33:28 2024,15.002,14.995,15.0,15.002
Wed Feb 14 17:33:43 2024,15.002,14.998,14.998,15.002
Wed Feb 14 17:33:58 2024,15.002,15.0,15.0,15.002
Wed Feb 14 17:34:13 2024,14.995,15.001,15.0,15.0
Wed Feb 14 17:34:28 2024,14.997,14.998,15.0,15.001
Wed Feb 14 17:34:43 2024,14.997,14.996,15.0,15.002
Wed Feb 14 17:34:58 2024,14.998,15.001,15.0,15.0
Wed Feb 14 17:35:13 2024,15.0,15.0,15.0,15.0
Wed Feb 14 17:35:28 2024,15.002,14.999,15.001,15.0
Wed Feb 14 17:35:43 2024,14.998,14.995,15.0,15.001
Wed Feb 14 17:35:58 2024,14.998,14.999,14.999,14.998
Wed Feb 14 17:36:13 2024,15.002,14.995,15.001,15.002
Wed Feb 14 17:36:28 2024,15.0,15.025,14.999,14.998
Wed Feb 14 17:36:42 2024,14.998,15.002,15.001,15.001
Wed Feb 14 17:36:57 2024,15.0,14.999,15.0,15.0
Wed Feb 14 17:37:12 2024,15.0,14.999,15.0,14.999
Wed Feb 14 17:37:27 2024,15.002,15.017,15.0,15.0
Wed Feb 14 17:37:42 2024,15.0,14.998,15.0,15.002
Wed Feb 14 17:37:57 2024,15.0,15.019,14.999,14.999
Wed Feb 14 17:38:12 2024,15.002,14.996,15.0,15.002
Wed Feb 14 17:38:27 2024,15.0,15.0,15.0,15.001
Wed Feb 14 17:38:42 2024,15.0,15.002,15.0,14.998
Wed Feb 14 17:38:57 2024,15.002,14.991,14.999,15.003
Wed Feb 14 17:39:12 2024,14.998,15.002,15.0,15.002
Wed Feb 14 17:39:27 2024,15.0,15.003,15.002,15.0
Wed Feb 14 17:39:42 2024,15.0,14.997,15.0,15.0
Wed Feb 14 17:39:56 2024,14.998,15.001,15.0,14.999
Wed Feb 14 17:40:11 2024,14.998,14.999,15.0,14.998
Wed Feb 14 17:40:26 2024,14.998,14.996,15.0,15.002
Wed Feb 14 17:40:41 2024,15.0,14.99,15.002,14.998
Wed Feb 14 17:40:56 2024,15.002,14.995,15.0,15.001
Wed Feb 14 17:41:11 2024,15.0,14.998,15.0,15.001
Wed Feb 14 17:41:26 2024,14.998,15.001,14.999,14.998
Wed Feb 14 17:41:41 2024,15.0,14.998,15.0,14.999
Wed Feb 14 17:41:56 2024,15.0,15.01,14.999,14.998
Wed Feb 14 17:42:11 2024,15.002,14.999,15.001,15.001
Wed Feb 14 17:42:26 2024,15.002,15.0,15.001,15.0
Wed Feb 14 17:42:41 2024,15.0,15.005,15.0,15.0
Wed Feb 14 17:42:55 2024,15.0,15.004,15.0,15.0
Wed Feb 14 17:43:10 2024,14.998,15.001,15.001,15.001
Wed Feb 14 17:43:25 2024,15.0,14.989,15.002,15.002
Wed Feb 14 17:43:40 2024,15.002,14.998,15.0,15.001
Wed Feb 14 17:43:55 2024,14.998,15.002,15.0,15.001
Wed Feb 14 17:44:10 2024,15.0,14.998,15.0,15.0
Wed Feb 14 17:44:25 2024,15.003,15.0,14.999,14.999
Wed Feb 14 17:44:40 2024,15.002,14.998,15.0,14.999
Wed Feb 14 17:44:55 2024,15.0,15.0,15.0,15.001
Wed Feb 14 17:45:10 2024,15.002,14.996,15.0,15.001
Wed Feb 14 17:45:24 2024,14.998,15.0,15.0,15.0
Wed Feb 14 17:45:39 2024,15.0,14.994,15.0,15.001
Wed Feb 14 17:45:54 2024,15.0,15.0,14.999,14.999
Wed Feb 14 17:46:09 2024,14.998,14.995,14.999,14.999
Wed Feb 14 17:46:24 2024,15.002,15.0,14.999,15.0
Wed Feb 14 17:46:39 2024,15.0,15.0,15.0,14.999
Wed Feb 14 17:46:54 2024,15.0,15.002,15.0,15.0
Wed Feb 14 17:47:09 2024,14.998,14.998,15.0,15.001
Wed Feb 14 17:47:24 2024,15.002,14.996,14.999,15.001
Wed Feb 14 17:47:39 2024,15.0,15.0,14.999,15.0
Wed Feb 14 17:47:54 2024,15.0,14.995,14.999,15.001
Wed Feb 14 17:48:09 2024,15.0,14.996,14.998,14.999
Wed Feb 14 17:48:24 2024,15.0,15.001,15.0,14.999
Wed Feb 14 17:48:39 2024,15.0,15.0,15.0,15.0
Wed Feb 14 17:48:54 2024,15.003,15.0,15.0,15.001
Wed Feb 14 17:49:09 2024,14.998,14.999,14.999,15.0
Wed Feb 14 17:49:24 2024,15.002,15.0,15.0,15.001
Wed Feb 14 17:49:39 2024,14.998,15.001,14.999,15.0
Wed Feb 14 17:49:53 2024,15.0,15.0,14.999,15.001
Wed Feb 14 17:50:09 2024,15.002,14.999,14.999,14.999
Wed Feb 14 17:50:23 2024,15.002,15.001,14.998,14.999
Wed Feb 14 17:50:38 2024,15.002,15.003,14.998,14.998
Wed Feb 14 17:50:53 2024,15.0,15.0,15.0,15.0
Wed Feb 14 17:51:08 2024,14.998,15.005,15.0,14.999
Wed Feb 14 17:51:23 2024,15.0,15.0,14.999,15.001
Wed Feb 14 17:51:38 2024,14.998,14.994,14.998,14.998
Wed Feb 14 17:51:53 2024,15.0,14.999,15.0,14.999
Wed Feb 14 17:52:08 2024,14.998,14.997,15.0,15.004
Wed Feb 14 17:52:23 2024,14.997,14.999,15.0,15.0
Wed Feb 14 17:52:38 2024,15.0,14.998,15.001,15.002
Wed Feb 14 17:52:53 2024,15.0,14.995,14.999,15.001
Wed Feb 14 17:53:08 2024,14.998,15.002,15.0,14.999
Wed Feb 14 17:53:23 2024,14.998,14.998,14.999,15.0
Wed Feb 14 17:53:38 2024,14.998,14.997,14.999,15.0
Wed Feb 14 17:53:53 2024,15.0,15.0,15.0,15.0
Wed Feb 14 17:54:07 2024,15.002,15.003,14.998,15.0
Wed Feb 14 17:54:22 2024,14.998,14.995,15.0,15.001
Wed Feb 14 17:54:37 2024,14.998,14.993,15.0,15.001
Wed Feb 14 17:54:52 2024,15.002,14.994,15.0,15.001
Wed Feb 14 17:55:07 2024,15.002,15.002,15.0,15.0
Wed Feb 14 17:55:22 2024,14.997,15.01,14.999,14.998
Wed Feb 14 17:55:37 2024,15.002,14.995,15.002,14.999
Wed Feb 14 17:55:52 2024,15.0,15.0,15.002,15.001
Wed Feb 14 17:56:07 2024,14.998,14.992,14.999,14.999
Wed Feb 14 17:56:22 2024,15.002,15.001,15.001,14.999
Wed Feb 14 17:56:37 2024,14.998,14.996,15.0,14.999
Wed Feb 14 17:56:52 2024,15.005,15.005,14.999,14.999
Wed Feb 14 17:57:07 2024,15.0,15.0,14.999,15.0
Wed Feb 14 17:57:22 2024,14.998,14.998,15.0,15.002
Wed Feb 14 17:57:36 2024,14.998,14.996,15.0,15.0
Wed Feb 14 17:57:52 2024,14.998,14.999,15.002,15.0
Wed Feb 14 17:58:06 2024,15.0,15.001,15.0,14.998
Wed Feb 14 17:58:21 2024,15.0,15.0,14.999,15.0
Wed Feb 14 17:58:37 2024,14.972,14.975,14.966,14.947
Wed Feb 14 18:00:02 2024,15.0,14.993,14.999,15.0
Wed Feb 14 18:00:21 2024,15.011,14.995,15.001,15.003
Wed Feb 14 18:00:40 2024,15.002,14.995,14.999,14.999
Wed Feb 14 18:01:00 2024,14.998,15.0,14.999,15.0
Wed Feb 14 18:01:19 2024,14.989,14.994,14.999,14.997
Wed Feb 14 18:01:39 2024,15.005,15.007,15.0,15.002
Wed Feb 14 18:01:58 2024,15.211,15.001,15.0,15.002
Wed Feb 14 18:02:18 2024,14.995,15.002,14.991,15.002
Wed Feb 14 18:02:37 2024,14.997,15.001,14.999,15.001
Wed Feb 14 18:02:57 2024,14.997,14.998,15.0,15.001
Wed Feb 14 18:03:16 2024,15.0,15.0,14.999,15.004
Wed Feb 14 18:03:35 2024,15.011,15.0,15.001,15.001
Wed Feb 14 18:03:55 2024,14.992,14.999,15.002,14.999
Wed Feb 14 18:04:14 2024,14.998,15.004,14.998,14.999
Wed Feb 14 18:05:39 2024,15.003,14.995,14.998,15.0
Wed Feb 14 18:05:59 2024,15.0,15.002,14.999,14.999
Wed Feb 14 18:06:18 2024,15.0,14.996,14.998,15.001
Wed Feb 14 18:06:37 2024,14.997,14.987,15.0,15.001
Wed Feb 14 18:06:56 2024,15.003,14.998,14.999,15.003
Wed Feb 14 18:07:15 2024,15.095,14.985,14.998,14.998
Wed Feb 14 18:07:35 2024,15.0,15.003,14.999,14.998
Wed Feb 14 18:07:54 2024,14.998,14.998,14.999,15.0
Wed Feb 14 18:08:13 2024,14.998,15.0,14.998,15.002
Wed Feb 14 18:08:32 2024,15.002,14.996,14.999,14.995
Wed Feb 14 18:08:51 2024,15.0,15.002,14.999,14.999
Wed Feb 14 18:09:10 2024,14.994,15.002,14.999,14.995
Wed Feb 14 18:09:29 2024,15.0,15.003,14.998,15.001
Wed Feb 14 18:09:48 2024,14.998,14.993,15.0,15.003
Wed Feb 14 18:11:13 2024,15.002,14.995,14.998,15.002
Wed Feb 14 18:11:32 2024,14.997,14.991,15.008,15.002
Wed Feb 14 18:11:52 2024,14.98,14.998,14.999,15.001
Wed Feb 14 18:12:11 2024,15.008,14.994,15.002,15.0
Wed Feb 14 18:12:31 2024,15.0,14.998,14.998,15.0
Wed Feb 14 18:12:50 2024,15.0,14.998,15.002,14.998
Wed Feb 14 18:13:09 2024,15.0,14.999,14.998,15.001
Wed Feb 14 18:13:29 2024,15.005,15.004,14.995,14.998
Wed Feb 14 18:13:48 2024,14.989,14.998,15.001,15.0
Wed Feb 14 18:14:08 2024,15.003,14.988,15.0,15.002
Wed Feb 14 18:14:27 2024,14.997,14.998,15.0,15.001
Wed Feb 14 18:14:47 2024,14.997,15.005,14.998,14.998
Wed Feb 14 18:15:06 2024,15.003,15.001,14.998,14.999
Wed Feb 14 18:15:26 2024,15.0,14.994,15.003,14.998
Wed Feb 14 18:16:51 2024,15.006,15.015,14.997,14.997
Wed Feb 14 18:17:10 2024,15.003,15.003,14.997,14.998
Wed Feb 14 18:17:29 2024,15.012,14.994,15.002,15.002
Wed Feb 14 18:17:49 2024,15.0,15.002,15.0,15.001
Wed Feb 14 18:18:08 2024,15.003,15.012,14.998,15.0
Wed Feb 14 18:18:27 2024,14.997,14.995,14.998,15.001
Wed Feb 14 18:18:46 2024,14.998,14.989,15.002,15.002
Wed Feb 14 18:19:05 2024,15.023,14.999,15.002,15.002
Wed Feb 14 18:19:24 2024,14.998,15.006,14.999,15.002
Wed Feb 14 18:19:44 2024,14.995,14.998,14.999,14.999
Wed Feb 14 18:20:03 2024,14.997,15.006,14.999,15.0
Wed Feb 14 18:20:22 2024,14.997,14.983,15.0,15.002
Wed Feb 14 18:20:41 2024,15.002,15.002,15.0,15.0
Wed Feb 14 18:21:00 2024,15.002,14.99,15.002,14.999
Wed Feb 14 18:22:25 2024,14.995,15.001,14.998,14.999
Wed Feb 14 18:22:45 2024,15.003,14.98,15.002,15.002
Wed Feb 14 18:23:04 2024,14.986,14.995,14.997,14.998
Wed Feb 14 18:23:24 2024,14.998,14.998,14.998,14.999
Wed Feb 14 18:23:43 2024,15.0,15.027,15.001,14.998
Wed Feb 14 18:24:03 2024,15.002,15.002,15.002,14.999
Wed Feb 14 18:24:22 2024,15.02,15.0,15.001,15.001
Wed Feb 14 18:24:42 2024,15.0,14.988,14.998,15.003
Wed Feb 14 18:25:01 2024,15.002,14.998,15.0,15.001
Wed Feb 14 18:25:20 2024,14.994,15.003,14.999,15.002
Wed Feb 14 18:25:40 2024,14.998,14.995,15.002,15.001
Wed Feb 14 18:25:59 2024,15.0,15.001,15.003,15.001
Wed Feb 14 18:26:19 2024,15.002,15.0,14.999,14.999
Wed Feb 14 18:26:38 2024,15.003,14.982,15.002,15.002
Wed Feb 14 18:28:04 2024,15.0,14.998,14.998,15.0
Wed Feb 14 18:28:23 2024,14.998,15.008,14.999,14.998
Wed Feb 14 18:28:42 2024,15.002,14.994,14.998,15.002
Wed Feb 14 18:29:01 2024,15.0,14.991,15.001,15.002
Wed Feb 14 18:29:20 2024,15.0,14.991,15.001,14.998
Wed Feb 14 18:29:40 2024,15.0,14.998,15.002,15.001
Wed Feb 14 18:29:59 2024,15.0,14.991,15.002,15.002
Wed Feb 14 18:30:18 2024,15.002,14.995,15.002,15.004
Wed Feb 14 18:30:37 2024,14.997,15.013,15.0,14.998
Wed Feb 14 18:30:56 2024,15.0,15.001,15.001,15.0
Wed Feb 14 18:31:16 2024,15.0,15.005,15.001,14.999
Wed Feb 14 18:31:35 2024,14.991,14.998,14.998,14.999
Wed Feb 14 18:31:54 2024,14.998,14.997,14.999,15.002
Wed Feb 14 18:32:13 2024,15.002,14.994,15.0,15.002
Wed Feb 14 18:33:38 2024,15.002,15.0,15.0,15.002
Wed Feb 14 18:33:57 2024,15.0,15.002,15.001,14.998
Wed Feb 14 18:34:16 2024,14.998,14.998,15.0,15.003
Wed Feb 14 18:34:35 2024,14.998,14.999,15.001,15.003
Wed Feb 14 18:34:55 2024,15.0,14.991,15.002,15.003
Wed Feb 14 18:35:14 2024,14.997,14.991,14.998,15.002
Wed Feb 14 18:35:34 2024,14.998,15.005,15.0,14.998
Wed Feb 14 18:35:54 2024,15.0,14.998,15.0,15.002
Wed Feb 14 18:36:13 2024,15.0,14.999,15.001,15.0
Wed Feb 14 18:36:33 2024,14.998,14.988,14.998,15.002
Wed Feb 14 18:36:52 2024,15.02,15.008,14.998,14.996
Wed Feb 14 18:37:12 2024,15.002,14.995,15.001,15.002
Wed Feb 14 18:37:31 2024,14.995,14.994,15.0,15.002
Wed Feb 14 18:37:51 2024,15.0,14.997,15.0,14.997
Wed Feb 14 18:39:16 2024,15.008,14.991,14.999,14.999
Wed Feb 14 18:39:35 2024,15.0,14.999,15.002,15.001
Wed Feb 14 18:39:54 2024,14.998,15.03,15.0,14.997
Wed Feb 14 18:40:13 2024,15.014,15.008,15.002,15.0
Wed Feb 14 18:40:33 2024,14.989,14.993,15.004,15.001
Wed Feb 14 18:40:52 2024,15.0,14.998,14.998,14.998
Wed Feb 14 18:41:11 2024,15.0,15.009,15.004,14.998
Wed Feb 14 18:41:30 2024,15.0,15.005,14.998,15.0
Wed Feb 14 18:41:49 2024,15.442,15.002,15.001,15.0
Wed Feb 14 18:42:09 2024,15.177,15.005,15.001,15.001
Wed Feb 14 18:42:28 2024,15.0,15.001,15.0,14.997
Wed Feb 14 18:42:47 2024,14.997,14.995,14.999,15.002
Wed Feb 14 18:43:06 2024,15.002,14.998,14.999,15.0
Wed Feb 14 18:43:25 2024,14.977,15.025,14.997,14.995
Wed Feb 14 18:44:57 2024,0.223,-0.08,-0.055,-0.084
Wed Feb 14 18:45:13 2024,0.002,0.0,0.0,-0.003
Wed Feb 14 18:45:28 2024,0.0,0.0,0.0,0.0
Wed Feb 14 18:45:43 2024,0.0,0.0,0.0,0.0
Wed Feb 14 18:45:58 2024,0.0,0.0,0.0,0.0
Wed Feb 14 18:46:13 2024,0.0,0.0,0.0,0.0
Wed Feb 14 18:46:28 2024,0.0,0.0,0.0,0.0
Wed Feb 14 18:46:43 2024,0.0,0.0,0.0,0.0
Wed Feb 14 18:46:58 2024,0.0,0.0,0.0,0.0
Wed Feb 14 18:47:13 2024,0.0,0.0,0.0,0.0
Wed Feb 14 18:47:28 2024,-0.002,0.0,0.0,0.0
Wed Feb 14 18:47:43 2024,0.0,0.0,0.0,0.0
Wed Feb 14 18:47:58 2024,0.0,0.0,0.0,0.0
Wed Feb 14 18:48:13 2024,0.002,-0.001,0.0,0.0
Wed Feb 14 18:48:28 2024,0.002,0.0,0.0,0.0
Wed Feb 14 18:48:43 2024,0.0,0.0,0.0,0.0
Wed Feb 14 18:48:58 2024,-0.002,0.0,0.0,0.0
Wed Feb 14 18:49:13 2024,0.0,-0.001,0.0,0.0
Wed Feb 14 18:49:28 2024,0.0,0.0,0.0,0.0
Wed Feb 14 18:49:43 2024,0.0,0.0,0.0,0.0
Wed Feb 14 18:50:06 2024,14.728,14.927,14.933,14.953
Wed Feb 14 18:50:25 2024,14.881,14.966,14.991,14.958
Wed Feb 14 18:50:44 2024,15.102,14.768,15.004,15.008
Wed Feb 14 18:51:03 2024,14.998,15.032,15.001,15.003
Wed Feb 14 18:51:22 2024,14.973,14.805,15.007,14.999
Wed Feb 14 18:51:41 2024,14.938,14.902,14.991,14.998
Wed Feb 14 18:52:00 2024,14.964,15.025,15.004,14.995
Wed Feb 14 18:52:19 2024,14.964,15.013,14.997,15.002
Wed Feb 14 18:52:38 2024,14.855,14.99,15.001,14.995
Wed Feb 14 18:52:57 2024,15.228,15.008,14.998,15.0
Wed Feb 14 18:54:22 2024,15.191,15.009,15.006,14.998
Wed Feb 14 18:54:41 2024,15.022,15.022,15.0,15.001
Wed Feb 14 18:55:00 2024,15.058,14.998,14.999,14.997
Wed Feb 14 18:55:19 2024,15.0,15.016,14.991,14.995
Wed Feb 14 18:55:38 2024,15.009,14.887,14.993,15.0
Wed Feb 14 18:55:58 2024,15.012,15.045,14.997,15.014
Wed Feb 14 18:56:17 2024,14.939,14.996,14.998,15.003
Wed Feb 14 18:56:36 2024,14.872,14.995,14.999,15.011
Wed Feb 14 18:56:55 2024,14.984,15.011,15.003,14.988
Wed Feb 14 18:57:15 2024,14.966,15.011,15.001,15.005
Wed Feb 14 18:57:34 2024,15.022,14.956,14.996,15.004
Wed Feb 14 18:57:53 2024,14.973,15.004,14.996,15.005
Wed Feb 14 18:58:12 2024,14.956,14.981,15.005,14.998
Wed Feb 14 18:58:31 2024,14.938,14.994,15.004,15.009
Wed Feb 14 18:59:56 2024,14.863,14.997,14.997,15.005
Wed Feb 14 19:00:11 2024,14.922,14.995,15.003,15.005
Wed Feb 14 19:00:26 2024,14.953,15.008,15.002,14.998
Wed Feb 14 19:00:41 2024,14.917,14.988,14.998,15.002
Wed Feb 14 19:00:57 2024,14.941,15.01,14.999,14.997
Wed Feb 14 19:01:12 2024,14.927,15.005,14.997,15.006
Wed Feb 14 19:01:31 2024,14.928,14.98,15.002,15.005
Wed Feb 14 19:01:51 2024,14.892,15.005,15.005,15.007
Wed Feb 14 19:02:10 2024,15.056,14.989,15.005,14.999
Wed Feb 14 19:02:29 2024,15.142,15.005,14.999,14.995
Wed Feb 14 19:02:48 2024,15.003,14.727,15.001,15.005
Wed Feb 14 19:03:07 2024,15.006,15.045,15.005,14.998
Wed Feb 14 19:03:27 2024,14.931,15.012,14.998,15.004
Wed Feb 14 19:03:45 2024,14.872,14.779,15.002,15.002
Wed Feb 14 19:04:04 2024,15.091,14.976,14.998,15.0
Wed Feb 14 19:05:29 2024,15.441,14.902,14.998,15.002
Wed Feb 14 19:05:44 2024,14.92,15.005,14.999,15.005
Wed Feb 14 19:05:59 2024,14.947,15.002,15.001,15.004
Wed Feb 14 19:06:14 2024,14.933,14.833,15.003,14.999
Wed Feb 14 19:06:29 2024,15.067,14.967,14.995,15.002
Wed Feb 14 19:06:52 2024,14.764,15.023,15.002,15.004
Wed Feb 14 19:07:11 2024,15.036,14.992,14.998,14.998
Wed Feb 14 19:07:30 2024,14.845,15.013,15.0,15.002
Wed Feb 14 19:07:49 2024,14.92,15.034,15.001,15.006
Wed Feb 14 19:08:08 2024,14.92,15.002,15.012,15.004
Wed Feb 14 19:08:28 2024,15.008,14.948,15.0,15.001
Wed Feb 14 19:08:46 2024,15.056,15.01,15.001,15.0
Wed Feb 14 19:09:05 2024,14.95,15.01,14.998,15.002
Wed Feb 14 19:09:24 2024,14.936,15.011,14.999,15.009
Wed Feb 14 19:09:43 2024,14.989,14.968,15.001,15.001
Wed Feb 14 19:11:09 2024,14.989,14.979,15.001,14.996
Wed Feb 14 19:11:24 2024,14.964,15.011,15.002,15.004
Wed Feb 14 19:11:39 2024,15.0,15.006,14.998,15.0
Wed Feb 14 19:11:54 2024,14.998,15.005,15.0,15.003
Wed Feb 14 19:12:09 2024,14.991,14.984,15.0,14.995
Wed Feb 14 19:12:31 2024,14.85,14.974,14.997,14.995
Wed Feb 14 19:12:51 2024,14.966,14.979,14.995,14.999
Wed Feb 14 19:13:10 2024,14.744,14.978,15.002,14.997
Wed Feb 14 19:13:29 2024,14.944,15.015,15.007,14.999
Wed Feb 14 19:13:48 2024,14.938,15.019,15.005,14.998
Wed Feb 14 19:14:07 2024,14.903,14.962,15.004,14.998
Wed Feb 14 19:14:26 2024,14.967,14.96,14.998,14.998
Wed Feb 14 19:14:44 2024,15.016,15.009,15.004,15.002
Wed Feb 14 19:15:03 2024,14.977,14.994,15.002,15.005
Wed Feb 14 19:15:22 2024,15.184,14.949,15.004,15.002
Wed Feb 14 19:16:47 2024,14.822,15.005,14.997,15.001
Wed Feb 14 19:17:02 2024,14.958,14.946,14.998,15.002
Wed Feb 14 19:17:17 2024,14.952,15.002,14.998,14.998
Wed Feb 14 19:17:32 2024,14.984,15.002,15.003,14.998
Wed Feb 14 19:17:47 2024,14.942,14.996,14.994,15.003
Wed Feb 14 19:18:10 2024,15.016,14.996,15.002,15.009
Wed Feb 14 19:18:29 2024,15.267,15.006,15.007,15.003
Wed Feb 14 19:18:48 2024,14.831,15.038,15.005,15.003
Wed Feb 14 19:19:07 2024,14.988,14.987,14.999,14.997
Wed Feb 14 19:19:26 2024,14.961,15.02,14.997,14.99
Wed Feb 14 19:19:45 2024,15.25,14.996,15.003,15.004
Wed Feb 14 19:20:04 2024,14.964,14.975,15.003,15.003
Wed Feb 14 19:20:23 2024,14.923,14.999,15.002,15.004
Wed Feb 14 19:20:42 2024,14.991,15.055,15.002,15.002
Wed Feb 14 19:21:01 2024,14.931,14.964,15.004,15.002
Wed Feb 14 19:22:26 2024,14.952,14.993,14.999,15.001
Wed Feb 14 19:22:41 2024,15.081,14.988,15.005,15.004
Wed Feb 14 19:22:56 2024,14.984,14.983,14.998,14.996
Wed Feb 14 19:23:11 2024,14.884,15.033,15.004,15.0
Wed Feb 14 19:23:26 2024,14.894,15.027,14.996,15.0
Wed Feb 14 19:23:49 2024,14.963,14.706,15.002,15.003
Wed Feb 14 19:24:08 2024,14.992,15.009,14.998,14.995
Wed Feb 14 19:24:27 2024,14.948,14.975,14.999,15.0
Wed Feb 14 19:24:46 2024,15.081,15.043,14.998,14.996
Wed Feb 14 19:25:05 2024,15.102,14.991,15.001,15.002
Wed Feb 14 19:25:24 2024,15.127,14.98,14.998,14.995
Wed Feb 14 19:25:43 2024,15.036,14.994,15.007,14.995
Wed Feb 14 19:26:02 2024,15.137,15.006,15.001,15.003
Wed Feb 14 19:26:21 2024,15.048,15.001,14.999,14.997
Wed Feb 14 19:26:40 2024,14.869,14.979,14.998,15.008
Wed Feb 14 19:28:05 2024,15.017,15.001,15.008,15.002
Wed Feb 14 19:28:20 2024,14.863,15.01,15.001,15.0
Wed Feb 14 19:28:34 2024,15.006,14.987,14.999,15.005
Wed Feb 14 19:28:50 2024,15.017,14.742,14.998,15.004
Wed Feb 14 19:29:05 2024,15.073,15.019,14.993,15.005
Wed Feb 14 19:29:27 2024,14.959,14.974,14.995,15.011
Wed Feb 14 19:29:47 2024,14.936,15.012,15.003,14.987
Wed Feb 14 19:30:06 2024,14.986,14.998,14.999,15.001
Wed Feb 14 19:30:25 2024,14.984,15.001,15.002,14.998
Wed Feb 14 19:30:44 2024,14.828,15.007,15.001,14.997
Wed Feb 14 19:31:03 2024,14.975,15.002,15.001,15.008
Wed Feb 14 19:31:22 2024,14.978,14.98,15.001,14.999
Wed Feb 14 19:31:41 2024,14.98,14.941,14.998,15.001
Wed Feb 14 19:31:59 2024,15.052,14.991,15.003,15.002
Wed Feb 14 19:32:18 2024,14.989,14.877,15.002,15.006
Wed Feb 14 19:33:43 2024,14.992,15.042,14.995,15.002
Wed Feb 14 19:33:58 2024,15.005,15.011,14.996,14.997
Wed Feb 14 19:34:13 2024,15.045,14.998,14.999,14.999
Wed Feb 14 19:34:28 2024,14.981,16.018,14.998,15.0
Wed Feb 14 19:34:43 2024,15.005,14.985,14.998,15.004
Wed Feb 14 19:35:06 2024,14.892,15.016,15.001,15.006
Wed Feb 14 19:35:25 2024,14.975,14.983,14.998,15.003
Wed Feb 14 19:35:44 2024,15.066,14.951,15.001,14.995
Wed Feb 14 19:36:03 2024,15.058,14.989,14.997,15.002
Wed Feb 14 19:36:22 2024,14.997,15.018,14.999,14.999
Wed Feb 14 19:36:42 2024,15.044,15.057,15.001,14.997
Wed Feb 14 19:37:00 2024,14.986,15.034,15.002,15.0
Wed Feb 14 19:37:19 2024,14.97,15.014,15.002,15.006
Wed Feb 14 19:37:38 2024,14.992,15.002,14.998,15.002
Wed Feb 14 19:37:57 2024,14.92,14.995,15.0,15.004
Wed Feb 14 19:39:22 2024,15.016,14.971,14.996,14.997
Wed Feb 14 19:39:37 2024,15.02,14.993,15.002,15.001
Wed Feb 14 19:39:52 2024,14.969,15.002,14.996,14.995
Wed Feb 14 19:40:07 2024,14.991,14.998,15.003,15.001
Wed Feb 14 19:40:22 2024,15.044,14.992,14.998,15.001
Wed Feb 14 19:40:45 2024,14.992,14.92,15.001,15.005
Wed Feb 14 19:41:04 2024,15.066,15.012,14.998,14.988
Wed Feb 14 19:41:23 2024,15.011,15.009,14.998,15.002
Wed Feb 14 19:41:42 2024,14.994,14.999,14.998,15.003
Wed Feb 14 19:42:01 2024,15.07,15.017,14.998,14.998
Wed Feb 14 19:42:20 2024,15.006,14.998,14.999,15.001
Wed Feb 14 19:42:39 2024,14.822,14.976,14.998,15.004
Wed Feb 14 19:42:58 2024,14.994,14.953,15.002,15.0
Wed Feb 14 19:43:17 2024,14.991,15.004,15.001,14.997
Wed Feb 14 19:43:36 2024,14.808,15.001,15.002,14.998
Wed Feb 14 19:45:01 2024,15.003,14.983,15.001,15.001
Wed Feb 14 19:45:16 2024,15.019,14.995,14.998,14.996
Wed Feb 14 19:45:31 2024,14.989,14.98,14.998,14.999
Wed Feb 14 19:45:46 2024,15.003,15.006,15.001,14.998
Wed Feb 14 19:46:01 2024,14.994,15.007,14.999,14.996
Wed Feb 14 19:46:24 2024,14.991,14.971,14.997,15.002
Wed Feb 14 19:46:43 2024,15.034,14.998,14.998,14.995
Wed Feb 14 19:47:02 2024,15.041,14.997,14.998,14.998
Wed Feb 14 19:47:21 2024,15.023,14.999,15.005,15.005
Wed Feb 14 19:47:40 2024,15.005,14.953,15.003,15.002
Wed Feb 14 19:47:59 2024,15.008,14.952,15.003,14.998
Wed Feb 14 19:48:18 2024,15.397,14.868,15.0,15.002
Wed Feb 14 19:48:37 2024,14.875,15.064,15.003,14.999
Wed Feb 14 19:48:56 2024,14.992,15.019,15.008,14.996
Wed Feb 14 19:49:15 2024,15.034,14.999,15.001,15.001
Wed Feb 14 19:50:40 2024,14.98,14.986,15.002,15.002
Wed Feb 14 19:50:55 2024,15.008,14.986,14.998,15.003
Wed Feb 14 19:51:10 2024,15.017,14.995,14.997,15.002
Wed Feb 14 19:51:25 2024,14.997,14.989,14.996,15.002
Wed Feb 14 19:51:40 2024,15.002,14.996,14.998,15.004
Wed Feb 14 19:52:03 2024,14.984,15.023,15.001,15.007
Wed Feb 14 19:52:22 2024,14.947,14.997,15.002,15.001
Wed Feb 14 19:52:41 2024,15.022,15.002,14.999,14.998
Wed Feb 14 19:53:00 2024,15.014,14.995,14.997,15.003
Wed Feb 14 19:53:19 2024,14.983,15.017,14.991,14.998
Wed Feb 14 19:53:38 2024,15.023,15.012,14.999,15.002
Wed Feb 14 19:53:57 2024,14.788,15.007,14.997,15.002
Wed Feb 14 19:54:16 2024,14.972,15.017,15.002,14.998
Wed Feb 14 19:54:35 2024,15.03,15.005,14.994,14.995
Wed Feb 14 19:54:54 2024,15.036,15.003,15.003,15.008
Wed Feb 14 19:56:19 2024,14.992,15.016,14.997,14.991
Wed Feb 14 19:56:34 2024,14.823,14.977,15.003,14.998
Wed Feb 14 19:56:49 2024,14.917,15.014,15.0,15.002
Wed Feb 14 19:57:04 2024,15.53,14.98,14.999,15.003
Wed Feb 14 19:57:19 2024,15.025,14.98,15.002,15.003
Wed Feb 14 19:57:42 2024,14.995,14.796,15.005,15.001
Wed Feb 14 19:58:01 2024,15.05,14.934,14.998,14.991
Wed Feb 14 19:58:20 2024,15.022,14.958,15.002,15.001
Wed Feb 14 19:58:39 2024,14.988,14.972,15.0,14.997
Wed Feb 14 19:58:58 2024,15.006,15.006,15.004,15.007
Wed Feb 14 19:59:17 2024,15.053,15.02,14.999,14.995
Wed Feb 14 19:59:36 2024,14.995,14.998,15.0,14.998
Wed Feb 14 19:59:55 2024,14.938,14.994,14.997,14.997
Wed Feb 14 20:00:14 2024,15.011,15.014,15.002,14.995
Wed Feb 14 20:00:33 2024,14.95,14.989,15.001,14.998
Wed Feb 14 20:01:57 2024,14.961,15.008,14.995,15.003
Wed Feb 14 20:02:12 2024,14.983,15.019,14.997,15.007
Wed Feb 14 20:02:27 2024,14.892,15.03,14.998,15.001
Wed Feb 14 20:02:43 2024,14.898,14.984,14.998,15.002
Wed Feb 14 20:02:58 2024,15.033,15.009,14.998,14.996
Wed Feb 14 20:03:20 2024,14.984,14.987,14.998,15.009
Wed Feb 14 20:03:39 2024,14.977,15.023,14.993,14.984
Wed Feb 14 20:03:59 2024,14.975,15.014,15.003,15.007
Wed Feb 14 20:04:18 2024,14.975,14.998,15.004,14.996
Wed Feb 14 20:04:37 2024,15.006,15.028,14.998,15.004
Wed Feb 14 20:04:56 2024,15.016,15.005,14.999,15.001
Wed Feb 14 20:05:15 2024,14.95,15.046,14.998,14.992
Wed Feb 14 20:05:34 2024,15.019,15.005,14.998,15.0
Wed Feb 14 20:05:53 2024,14.994,15.012,14.998,14.996
Wed Feb 14 20:06:12 2024,15.058,15.001,14.998,14.998
Wed Feb 14 20:07:37 2024,14.947,15.014,15.0,14.994
Wed Feb 14 20:07:52 2024,14.942,14.988,15.004,15.005
Wed Feb 14 20:08:07 2024,15.105,14.866,14.997,14.999
Wed Feb 14 20:08:22 2024,15.053,15.011,14.996,14.998
Wed Feb 14 20:08:37 2024,14.97,15.016,14.999,15.004
Wed Feb 14 20:09:00 2024,14.966,15.008,15.002,15.006
Wed Feb 14 20:09:19 2024,14.933,14.984,14.998,15.001
Wed Feb 14 20:09:38 2024,14.981,14.997,15.0,15.002
Wed Feb 14 20:09:57 2024,14.994,14.999,15.004,14.998
Wed Feb 14 20:10:16 2024,14.894,15.002,14.999,14.999
Wed Feb 14 20:10:35 2024,15.003,15.007,14.999,14.999
Wed Feb 14 20:10:54 2024,15.005,15.008,14.998,14.999
Wed Feb 14 20:11:13 2024,14.983,14.988,15.002,15.0
Wed Feb 14 20:11:32 2024,14.989,15.027,14.997,15.002
Wed Feb 14 20:11:50 2024,15.05,14.999,14.998,14.995
Wed Feb 14 20:13:16 2024,14.841,14.97,14.999,15.001
Wed Feb 14 20:13:31 2024,14.997,14.984,14.999,15.003
Wed Feb 14 20:13:46 2024,14.867,14.994,14.996,15.004
Wed Feb 14 20:14:01 2024,14.984,14.985,14.998,15.002
Wed Feb 14 20:14:16 2024,15.019,15.005,14.998,15.0
Wed Feb 14 20:14:39 2024,15.002,15.005,15.003,15.006
Wed Feb 14 20:14:58 2024,15.02,14.993,15.001,15.002
Wed Feb 14 20:15:17 2024,15.014,15.021,15.0,14.991
Wed Feb 14 20:15:36 2024,14.978,14.991,15.003,15.0
Wed Feb 14 20:15:55 2024,14.983,14.998,15.002,15.003
Wed Feb 14 20:16:14 2024,14.863,15.009,14.998,14.998
Wed Feb 14 20:16:33 2024,15.017,15.0,14.996,15.003
Wed Feb 14 20:16:52 2024,14.961,14.982,15.001,15.002
Wed Feb 14 20:17:11 2024,14.955,15.002,14.998,14.998
Wed Feb 14 20:17:30 2024,14.858,15.0,15.0,14.999
Wed Feb 14 20:18:55 2024,14.948,15.032,15.001,15.003
Wed Feb 14 20:19:10 2024,15.147,15.006,15.001,15.007
Wed Feb 14 20:19:25 2024,14.988,14.983,15.002,15.012
Wed Feb 14 20:19:40 2024,15.039,15.005,15.003,15.005
Wed Feb 14 20:19:55 2024,14.823,15.019,14.999,15.002
Wed Feb 14 20:20:18 2024,15.02,15.006,14.998,14.999
Wed Feb 14 20:20:37 2024,14.944,15.023,14.998,15.005
Wed Feb 14 20:20:56 2024,14.955,15.016,14.997,14.999
Wed Feb 14 20:21:15 2024,14.892,14.991,14.998,15.007
Wed Feb 14 20:21:34 2024,14.98,14.87,14.997,15.006
Wed Feb 14 20:21:53 2024,14.8,14.984,15.002,15.005
Wed Feb 14 20:22:12 2024,14.989,14.998,14.997,14.991
Wed Feb 14 20:22:31 2024,15.022,15.012,14.999,14.994
Wed Feb 14 20:22:49 2024,15.025,14.98,15.002,15.003
Wed Feb 14 20:23:08 2024,15.006,14.969,14.998,15.004
Wed Feb 14 20:24:33 2024,14.977,14.997,14.996,15.002
Wed Feb 14 20:24:48 2024,14.861,14.999,15.001,14.998
Wed Feb 14 20:25:03 2024,15.003,14.955,15.003,14.997
Wed Feb 14 20:25:18 2024,14.975,15.009,15.002,14.998
Wed Feb 14 20:25:33 2024,14.964,15.005,15.002,15.002
Wed Feb 14 20:25:56 2024,14.977,15.007,14.999,15.006
Wed Feb 14 20:26:15 2024,15.0,15.002,15.001,14.995
Wed Feb 14 20:26:34 2024,15.006,14.994,14.998,15.005
Wed Feb 14 20:26:53 2024,15.031,15.012,15.001,14.996
Wed Feb 14 20:27:12 2024,14.992,15.016,15.003,14.998
Wed Feb 14 20:27:32 2024,14.897,15.023,15.0,14.995
Wed Feb 14 20:27:51 2024,14.977,14.983,15.002,15.002
Wed Feb 14 20:28:09 2024,15.042,15.249,15.002,15.004
Wed Feb 14 20:28:28 2024,14.995,14.993,15.001,15.0
Wed Feb 14 20:28:47 2024,14.897,14.957,15.003,15.003
Wed Feb 14 20:30:12 2024,15.036,15.037,14.997,14.995
Wed Feb 14 20:30:27 2024,15.006,14.984,15.003,14.998
Wed Feb 14 20:30:42 2024,15.0,14.773,14.999,14.996
Wed Feb 14 20:30:57 2024,14.986,14.995,15.003,15.005
Wed Feb 14 20:31:12 2024,14.978,14.756,15.001,15.003
Wed Feb 14 20:31:35 2024,14.983,15.001,15.0,15.01
Wed Feb 14 20:31:54 2024,15.006,15.003,15.003,14.999
Wed Feb 14 20:32:13 2024,15.042,14.986,15.004,14.999
Wed Feb 14 20:32:32 2024,14.995,14.991,14.995,15.0
Wed Feb 14 20:32:51 2024,14.833,15.012,15.0,15.0
Wed Feb 14 20:33:11 2024,14.856,14.997,14.997,14.997
Wed Feb 14 20:33:29 2024,15.011,14.984,15.002,15.002
Wed Feb 14 20:33:48 2024,14.942,15.032,15.003,14.996
Wed Feb 14 20:34:07 2024,14.977,15.005,14.998,14.998
Wed Feb 14 20:34:26 2024,15.114,15.009,14.998,14.996
Wed Feb 14 20:35:51 2024,15.022,15.0,14.999,14.995
Wed Feb 14 20:36:06 2024,15.036,14.986,14.997,14.998
Wed Feb 14 20:36:21 2024,14.98,15.02,15.009,15.004
Wed Feb 14 20:36:36 2024,14.967,14.986,15.002,14.998
Wed Feb 14 20:36:51 2024,15.044,15.009,15.0,14.995
Wed Feb 14 20:37:14 2024,14.998,15.012,14.985,14.999
Wed Feb 14 20:37:33 2024,15.036,14.995,15.001,14.995
Wed Feb 14 20:37:52 2024,15.116,14.997,15.005,14.998
Wed Feb 14 20:38:11 2024,15.047,14.962,14.997,15.0
Wed Feb 14 20:38:31 2024,14.889,14.957,15.0,14.998
Wed Feb 14 20:38:50 2024,15.005,15.012,14.998,15.0
Wed Feb 14 20:39:08 2024,14.988,15.002,15.001,15.006
Wed Feb 14 20:39:27 2024,15.02,14.993,15.001,14.999
Wed Feb 14 20:39:46 2024,14.95,15.0,15.003,15.001
Wed Feb 14 20:40:05 2024,14.923,15.014,14.996,15.0
Wed Feb 14 20:41:30 2024,14.948,15.011,14.994,15.001
Wed Feb 14 20:41:45 2024,14.958,14.992,15.003,14.998
Wed Feb 14 20:42:00 2024,14.786,15.003,14.997,14.992
Wed Feb 14 20:42:15 2024,14.947,14.988,15.004,15.005
Wed Feb 14 20:42:30 2024,14.941,14.997,14.997,15.003
Wed Feb 14 20:42:53 2024,14.966,14.976,14.997,14.997
Wed Feb 14 20:43:12 2024,14.967,14.979,14.996,15.003
Wed Feb 14 20:43:31 2024,14.986,15.012,14.998,15.001
Wed Feb 14 20:43:50 2024,14.991,15.006,14.998,15.001
Wed Feb 14 20:44:09 2024,14.939,15.019,15.002,14.996
Wed Feb 14 20:44:28 2024,15.059,14.972,15.001,14.998
Wed Feb 14 20:44:47 2024,15.095,15.005,15.001,15.001
Wed Feb 14 20:45:06 2024,14.991,14.999,15.003,15.003
Wed Feb 14 20:45:25 2024,15.006,15.026,14.996,14.994
Wed Feb 14 20:45:44 2024,14.981,14.998,14.997,15.004
Wed Feb 14 20:47:09 2024,15.008,14.984,15.002,14.993
Wed Feb 14 20:47:24 2024,15.014,15.012,14.993,14.988
Wed Feb 14 20:47:39 2024,15.02,14.979,15.004,14.998
Wed Feb 14 20:47:54 2024,14.994,14.988,14.996,14.994
Wed Feb 14 20:48:09 2024,14.945,15.007,15.002,14.998
Wed Feb 14 20:48:32 2024,15.856,15.016,15.004,15.007
Wed Feb 14 20:48:51 2024,15.012,14.954,14.998,15.001
Wed Feb 14 20:49:10 2024,14.938,14.991,15.001,15.0
Wed Feb 14 20:49:29 2024,15.017,14.992,14.999,14.997
Wed Feb 14 20:49:48 2024,15.12,14.975,15.0,15.002
Wed Feb 14 20:50:07 2024,15.011,14.99,14.997,14.998
Wed Feb 14 20:50:26 2024,14.983,14.988,15.001,14.998
Wed Feb 14 20:50:45 2024,15.005,14.993,15.0,15.0
Wed Feb 14 20:51:04 2024,14.967,15.002,15.002,15.0
Wed Feb 14 20:51:23 2024,14.997,15.788,15.001,15.007
Wed Feb 14 20:52:47 2024,15.009,15.009,14.998,14.995
Wed Feb 14 20:53:02 2024,15.064,15.019,15.001,15.006
Wed Feb 14 20:53:17 2024,14.983,15.009,15.0,14.998
Wed Feb 14 20:53:32 2024,14.986,14.996,15.0,15.005
Wed Feb 14 20:53:47 2024,15.078,15.012,15.002,15.003
Wed Feb 14 20:54:10 2024,14.828,15.014,15.005,15.001
Wed Feb 14 20:54:29 2024,14.992,15.016,14.993,14.998
Wed Feb 14 20:54:49 2024,14.958,15.013,15.006,14.998
Wed Feb 14 20:55:08 2024,14.995,15.001,14.999,15.008
Wed Feb 14 20:55:27 2024,15.025,15.022,15.0,14.997
Wed Feb 14 20:55:46 2024,14.994,15.021,14.999,14.996
Wed Feb 14 20:56:05 2024,14.997,14.832,14.995,15.005
Wed Feb 14 20:56:24 2024,14.994,14.979,15.0,14.994
Wed Feb 14 20:56:43 2024,15.009,15.015,15.001,15.005
Wed Feb 14 20:57:01 2024,15.286,15.015,15.002,14.996
Wed Feb 14 20:58:26 2024,15.005,15.005,15.0,15.001
Wed Feb 14 20:58:41 2024,16.12,14.989,15.002,15.005
Wed Feb 14 20:58:56 2024,14.98,15.026,15.001,15.002
Wed Feb 14 20:59:11 2024,14.952,14.998,14.998,15.002
Wed Feb 14 20:59:26 2024,14.994,14.959,15.003,14.994
Wed Feb 14 20:59:49 2024,15.011,15.027,14.995,15.005
Wed Feb 14 21:00:08 2024,15.008,14.927,14.998,14.992
Wed Feb 14 21:00:27 2024,14.98,14.852,14.998,15.005
Wed Feb 14 21:00:46 2024,14.852,15.005,15.001,15.002
Wed Feb 14 21:01:05 2024,15.003,15.052,15.0,14.995
Wed Feb 14 21:01:24 2024,15.783,15.005,15.0,14.998
Wed Feb 14 21:01:43 2024,14.994,14.975,15.002,14.999
Wed Feb 14 21:02:02 2024,14.988,15.02,15.004,14.996
Wed Feb 14 21:02:21 2024,14.981,15.004,15.005,15.002
Wed Feb 14 21:02:40 2024,14.998,14.747,14.996,15.005
Wed Feb 14 21:04:05 2024,14.988,14.994,15.005,15.004
Wed Feb 14 21:04:20 2024,15.977,14.999,15.0,15.003
Wed Feb 14 21:04:35 2024,14.944,15.012,15.005,15.001
Wed Feb 14 21:04:50 2024,15.044,14.992,14.998,15.0
Wed Feb 14 21:05:05 2024,15.036,14.983,15.001,14.995
Wed Feb 14 21:05:28 2024,15.048,14.991,15.002,15.006
Wed Feb 14 21:05:47 2024,15.002,15.02,15.003,14.993
Wed Feb 14 21:06:06 2024,15.003,15.016,14.999,15.0
Wed Feb 14 21:06:25 2024,14.984,14.794,14.998,14.995
Wed Feb 14 21:06:44 2024,15.005,14.976,15.001,15.002
Wed Feb 14 21:07:03 2024,15.066,15.014,14.998,15.003
Wed Feb 14 21:07:22 2024,15.044,15.002,15.004,15.002
Wed Feb 14 21:07:41 2024,15.019,15.009,15.002,15.009
Wed Feb 14 21:08:00 2024,15.012,15.004,14.998,14.998
Wed Feb 14 21:08:19 2024,14.942,15.004,15.003,14.999
Wed Feb 14 21:09:44 2024,14.933,15.027,14.995,15.0
Wed Feb 14 21:09:59 2024,14.977,15.664,14.998,14.995
Wed Feb 14 21:10:14 2024,14.994,14.996,15.015,14.993
Wed Feb 14 21:10:29 2024,15.006,14.996,15.002,14.996
Wed Feb 14 21:10:44 2024,15.009,15.021,15.002,14.998
Wed Feb 14 21:11:07 2024,15.002,15.012,14.996,14.987
Wed Feb 14 21:11:26 2024,14.989,15.023,14.996,14.986
Wed Feb 14 21:11:45 2024,15.002,14.989,15.001,15.002
Wed Feb 14 21:12:04 2024,14.995,15.042,15.002,15.005
Wed Feb 14 21:12:23 2024,14.983,15.005,15.0,15.0
Wed Feb 14 21:12:42 2024,14.984,15.022,14.997,14.998
Wed Feb 14 21:13:01 2024,15.009,15.01,15.004,14.999
Wed Feb 14 21:13:20 2024,15.02,15.005,15.0,14.996
Wed Feb 14 21:13:39 2024,15.006,14.996,15.004,15.005
Wed Feb 14 21:13:58 2024,14.998,14.993,15.002,14.998
Wed Feb 14 21:15:23 2024,14.9,14.986,15.002,15.002
Wed Feb 14 21:15:38 2024,14.97,15.006,14.997,15.0
Wed Feb 14 21:15:53 2024,14.992,15.002,15.0,14.996
Wed Feb 14 21:16:08 2024,14.852,15.036,15.0,14.996
Wed Feb 14 21:16:23 2024,14.952,14.984,14.999,14.996
Wed Feb 14 21:16:46 2024,15.411,15.026,14.997,15.005
Wed Feb 14 21:17:05 2024,15.022,14.961,15.003,14.995
Wed Feb 14 21:17:24 2024,15.069,14.993,14.998,14.998
Wed Feb 14 21:17:43 2024,15.048,15.009,15.0,14.996
Wed Feb 14 21:18:02 2024,14.873,15.012,14.999,14.997
Wed Feb 14 21:18:21 2024,14.997,15.03,14.998,14.997
Wed Feb 14 21:18:40 2024,14.847,15.027,15.002,15.008
Wed Feb 14 21:18:59 2024,14.791,15.035,14.999,14.996
Wed Feb 14 21:19:18 2024,14.93,14.993,14.998,14.999
Wed Feb 14 21:19:37 2024,14.953,14.973,14.998,14.998
Wed Feb 14 21:21:02 2024,15.008,14.981,14.995,15.001
Wed Feb 14 21:21:17 2024,15.0,15.007,15.002,14.996
Wed Feb 14 21:21:32 2024,15.003,14.998,14.998,15.005
Wed Feb 14 21:21:47 2024,15.038,15.005,14.998,14.992
Wed Feb 14 21:22:02 2024,15.003,15.006,14.995,14.998
Wed Feb 14 21:22:25 2024,15.003,14.997,15.002,15.002
Wed Feb 14 21:22:44 2024,14.984,14.987,14.999,14.995
Wed Feb 14 21:23:03 2024,14.994,15.0,15.002,15.001
Wed Feb 14 21:23:22 2024,14.884,14.989,14.995,15.001
Wed Feb 14 21:23:41 2024,14.995,15.001,15.0,14.994
Wed Feb 14 21:24:00 2024,14.955,14.996,14.998,14.999
Wed Feb 14 21:24:19 2024,15.025,14.994,14.998,14.997
Wed Feb 14 21:24:38 2024,15.006,15.013,14.998,14.997
Wed Feb 14 21:24:57 2024,14.964,15.002,14.999,15.002
Wed Feb 14 21:25:16 2024,14.85,15.019,14.997,14.998
Wed Feb 14 21:26:41 2024,14.866,15.003,14.998,14.992
Wed Feb 14 21:27:00 2024,14.914,14.98,15.001,15.005
Wed Feb 14 21:27:19 2024,14.95,15.024,14.998,15.001
Wed Feb 14 21:27:38 2024,15.017,15.004,15.002,15.001
Wed Feb 14 21:27:57 2024,14.903,14.988,14.999,15.001
Wed Feb 14 21:28:17 2024,14.925,14.993,15.0,15.009
Wed Feb 14 21:28:36 2024,15.075,14.897,15.002,15.004
Wed Feb 14 21:28:55 2024,14.955,14.966,14.998,14.998
Wed Feb 14 21:29:14 2024,15.017,15.014,14.999,14.993
Wed Feb 14 21:29:33 2024,14.998,14.98,15.002,14.998
Wed Feb 14 21:29:52 2024,15.017,15.033,14.999,14.998
Wed Feb 14 21:30:11 2024,15.012,14.962,15.002,14.997
Wed Feb 14 21:30:30 2024,15.233,14.998,15.002,15.009
Wed Feb 14 21:30:49 2024,15.005,15.005,14.999,14.999
Wed Feb 14 21:32:13 2024,14.989,15.013,15.001,14.993
Wed Feb 14 21:32:33 2024,14.977,14.995,15.002,15.002
Wed Feb 14 21:32:52 2024,14.842,14.995,15.001,15.005
Wed Feb 14 21:33:11 2024,14.895,15.01,14.998,14.995
Wed Feb 14 21:33:30 2024,14.908,15.012,15.0,14.998
Wed Feb 14 21:33:49 2024,15.058,15.005,14.999,14.998
Wed Feb 14 21:34:08 2024,15.038,14.996,14.998,14.998
Wed Feb 14 21:34:27 2024,14.789,14.738,15.002,15.004
Wed Feb 14 21:34:46 2024,15.048,15.012,14.998,14.992
Wed Feb 14 21:35:05 2024,15.055,15.015,14.998,15.0
Wed Feb 14 21:35:24 2024,15.341,15.052,15.002,15.0
Wed Feb 14 21:35:43 2024,14.978,14.985,15.001,14.997
Wed Feb 14 21:36:02 2024,15.05,15.002,15.0,15.003
Wed Feb 14 21:36:21 2024,15.03,14.98,15.002,14.999
Wed Feb 14 21:37:46 2024,14.98,15.012,15.0,14.996
Wed Feb 14 21:38:01 2024,15.0,15.0,14.998,14.998
Wed Feb 14 21:38:16 2024,14.894,14.992,14.999,15.006
Wed Feb 14 21:38:31 2024,15.064,15.012,14.998,15.002
Wed Feb 14 21:38:46 2024,15.467,15.041,15.004,14.995
Wed Feb 14 21:39:02 2024,14.977,15.016,15.003,14.995
Wed Feb 14 21:39:21 2024,14.988,14.977,15.0,15.008
Wed Feb 14 21:39:40 2024,14.978,14.985,14.997,14.997
Wed Feb 14 21:39:59 2024,14.986,15.011,15.0,14.998
Wed Feb 14 21:40:18 2024,15.036,14.989,14.998,15.002
Wed Feb 14 21:40:37 2024,15.041,15.004,14.997,14.998
Wed Feb 14 21:40:56 2024,14.964,14.98,14.999,14.992
Wed Feb 14 21:41:15 2024,15.003,15.005,15.0,15.001
Wed Feb 14 21:41:34 2024,14.956,14.997,15.003,14.994
Wed Feb 14 21:41:53 2024,14.975,15.042,15.001,14.999
Wed Feb 14 21:43:18 2024,14.991,14.999,15.002,15.006
Wed Feb 14 21:43:33 2024,15.011,14.978,15.002,15.002
Wed Feb 14 21:43:48 2024,14.867,15.031,15.002,14.995
Wed Feb 14 21:44:03 2024,15.002,14.982,15.002,14.995
Wed Feb 14 21:44:18 2024,14.952,15.017,14.999,15.002
Wed Feb 14 21:44:41 2024,14.997,14.996,14.994,15.002
Wed Feb 14 21:45:00 2024,14.966,14.973,14.995,14.992
Wed Feb 14 21:45:19 2024,15.005,15.009,15.0,14.998
Wed Feb 14 21:45:38 2024,15.034,15.008,14.999,15.0
Wed Feb 14 21:45:57 2024,15.034,14.988,15.005,14.999
Wed Feb 14 21:46:16 2024,15.009,14.985,15.003,15.003
Wed Feb 14 21:46:35 2024,14.942,15.012,14.997,14.995
Wed Feb 14 21:46:54 2024,15.056,15.007,14.995,15.001
Wed Feb 14 21:47:13 2024,14.998,14.996,14.998,15.005
Wed Feb 14 21:47:32 2024,15.011,14.979,15.001,14.997
Wed Feb 14 21:48:57 2024,15.016,15.01,15.001,14.995
Wed Feb 14 21:49:12 2024,14.947,14.959,15.001,15.002
Wed Feb 14 21:49:27 2024,14.98,15.011,15.002,15.002
Wed Feb 14 21:49:42 2024,14.966,14.976,14.999,15.002
Wed Feb 14 21:49:57 2024,15.091,15.007,15.003,15.006
Wed Feb 14 21:50:20 2024,14.973,14.997,15.003,15.01
Wed Feb 14 21:50:39 2024,15.023,15.02,14.996,14.996
Wed Feb 14 21:50:58 2024,14.961,14.991,14.999,14.991
Wed Feb 14 21:51:17 2024,14.998,15.007,14.999,14.998
Wed Feb 14 21:51:36 2024,15.0,14.991,14.998,14.998
Wed Feb 14 21:51:55 2024,15.003,14.987,14.999,15.001
Wed Feb 14 21:52:14 2024,14.953,15.006,15.0,14.997
Wed Feb 14 21:52:33 2024,14.975,15.005,15.003,15.002
Wed Feb 14 21:52:52 2024,15.005,15.016,14.997,15.002
Wed Feb 14 21:53:11 2024,14.97,14.99,14.996,14.997
Wed Feb 14 21:54:36 2024,14.986,14.878,14.997,14.999
Wed Feb 14 21:54:51 2024,15.066,15.011,15.004,15.001
Wed Feb 14 21:55:06 2024,14.978,14.979,14.999,15.001
Wed Feb 14 21:55:21 2024,14.911,14.777,14.995,15.002
Wed Feb 14 21:55:36 2024,14.97,14.991,15.005,15.011
Wed Feb 14 21:55:59 2024,15.073,14.989,15.002,15.012
Wed Feb 14 21:56:18 2024,14.98,15.007,14.999,14.988
Wed Feb 14 21:56:37 2024,15.055,15.016,15.001,15.002
Wed Feb 14 21:56:56 2024,15.042,14.996,14.998,14.998
Wed Feb 14 21:57:15 2024,14.906,14.964,15.002,15.006
Wed Feb 14 21:57:34 2024,14.853,14.996,15.002,15.007
Wed Feb 14 21:57:53 2024,15.02,14.995,15.002,15.003
Wed Feb 14 21:58:12 2024,14.986,15.006,15.001,15.002
Wed Feb 14 21:58:31 2024,15.034,14.996,15.008,14.995
Wed Feb 14 21:58:49 2024,14.995,15.031,14.999,14.997
Wed Feb 14 22:00:15 2024,14.984,15.009,15.001,14.993
Wed Feb 14 22:00:30 2024,14.908,15.012,14.999,15.002
Wed Feb 14 22:00:45 2024,14.991,15.02,15.002,15.002
Wed Feb 14 22:01:00 2024,14.991,14.849,15.005,15.005
Wed Feb 14 22:01:15 2024,14.994,14.987,15.002,15.005
Wed Feb 14 22:01:38 2024,14.866,14.984,15.001,15.001
Wed Feb 14 22:01:57 2024,14.758,14.998,14.999,14.998
Wed Feb 14 22:02:16 2024,15.025,14.984,14.998,14.995
Wed Feb 14 22:02:35 2024,15.016,15.005,15.002,15.0
Wed Feb 14 22:02:54 2024,14.945,14.995,15.006,15.001
Wed Feb 14 22:03:13 2024,14.966,15.002,14.999,15.002
Wed Feb 14 22:03:32 2024,14.97,14.997,15.001,14.998
Wed Feb 14 22:03:51 2024,15.011,14.991,15.004,14.995
Wed Feb 14 22:04:10 2024,15.039,15.002,15.001,14.998
Wed Feb 14 22:04:29 2024,15.039,14.975,15.0,15.005
Wed Feb 14 22:05:54 2024,14.983,14.98,14.998,15.0
Wed Feb 14 22:06:09 2024,14.975,14.992,15.009,14.998
Wed Feb 14 22:06:24 2024,14.98,14.852,14.995,15.002
Wed Feb 14 22:06:39 2024,14.955,14.975,14.998,14.998
Wed Feb 14 22:06:54 2024,14.998,16.004,15.002,15.003
Wed Feb 14 22:07:17 2024,15.062,15.034,15.002,14.993
Wed Feb 14 22:07:36 2024,15.055,15.542,15.001,14.999
Wed Feb 14 22:07:55 2024,14.975,15.009,14.998,15.003
Wed Feb 14 22:08:14 2024,14.997,15.444,15.002,15.001
Wed Feb 14 22:08:33 2024,15.014,15.023,15.0,15.005
Wed Feb 14 22:08:52 2024,14.834,15.041,15.002,15.002
Wed Feb 14 22:09:11 2024,14.961,15.002,14.998,14.998
Wed Feb 14 22:09:30 2024,15.058,15.005,15.001,14.998
Wed Feb 14 22:09:49 2024,14.895,14.98,14.998,15.003
Wed Feb 14 22:10:07 2024,14.952,14.984,15.001,15.0
Wed Feb 14 22:11:32 2024,15.039,15.013,15.002,14.999
Wed Feb 14 22:11:47 2024,14.997,14.991,15.0,14.995
Wed Feb 14 22:12:02 2024,15.003,14.817,15.002,14.998
Wed Feb 14 22:12:17 2024,15.003,15.045,15.0,15.002
Wed Feb 14 22:12:32 2024,15.088,15.014,15.0,14.997
Wed Feb 14 22:12:55 2024,14.988,14.995,15.004,14.997
Wed Feb 14 22:13:15 2024,15.045,14.939,15.005,14.997
Wed Feb 14 22:13:34 2024,14.998,15.012,15.004,15.0
Wed Feb 14 22:13:53 2024,14.989,15.847,14.998,15.006
Wed Feb 14 22:14:12 2024,14.789,15.019,15.003,15.005
Wed Feb 14 22:14:31 2024,14.864,14.974,15.002,14.992
Wed Feb 14 22:14:50 2024,15.036,14.988,14.999,15.001
Wed Feb 14 22:15:09 2024,15.023,15.014,14.998,15.005
Wed Feb 14 22:15:27 2024,14.963,15.007,15.004,14.994
Wed Feb 14 22:15:46 2024,15.059,15.046,14.998,15.0
Wed Feb 14 22:17:12 2024,14.933,15.004,15.001,14.996
Wed Feb 14 22:17:27 2024,14.914,14.997,14.997,14.996
Wed Feb 14 22:17:42 2024,14.898,15.029,14.992,15.005
Wed Feb 14 22:17:57 2024,15.05,15.02,14.999,15.0
Wed Feb 14 22:18:12 2024,15.012,14.998,15.0,15.001
Wed Feb 14 22:18:35 2024,15.061,14.783,15.002,15.016
Wed Feb 14 22:18:54 2024,15.002,14.995,14.997,14.998
Wed Feb 14 22:19:13 2024,15.0,14.972,14.998,15.0
Wed Feb 14 22:19:32 2024,15.017,15.003,14.998,14.998
Wed Feb 14 22:19:51 2024,14.983,14.977,14.997,14.998
Wed Feb 14 22:20:10 2024,15.003,14.914,14.999,15.003
Wed Feb 14 22:20:29 2024,15.108,15.006,14.996,15.005
Wed Feb 14 22:20:48 2024,14.972,15.026,15.0,14.995
Wed Feb 14 22:21:07 2024,14.933,14.951,15.0,14.993
Wed Feb 14 22:21:26 2024,14.992,15.007,15.001,15.001
Wed Feb 14 22:22:51 2024,14.95,15.055,14.998,14.996
Wed Feb 14 22:23:06 2024,15.062,14.999,14.995,14.994
Wed Feb 14 22:23:21 2024,15.038,14.98,15.001,15.002
Wed Feb 14 22:23:36 2024,14.992,15.02,14.999,14.993
Wed Feb 14 22:23:51 2024,15.025,14.984,14.999,15.003
Wed Feb 14 22:24:14 2024,14.984,14.952,15.002,14.994
Wed Feb 14 22:24:33 2024,14.986,15.002,15.002,15.003
Wed Feb 14 22:24:52 2024,14.997,14.989,14.998,15.0
Wed Feb 14 22:25:11 2024,15.075,15.0,15.003,15.009
Wed Feb 14 22:25:30 2024,14.997,14.736,15.006,15.005
Wed Feb 14 22:25:49 2024,15.025,14.993,15.002,15.002
Wed Feb 14 22:26:08 2024,14.989,14.981,15.002,15.004
Wed Feb 14 22:26:27 2024,14.963,15.008,15.002,14.995
Wed Feb 14 22:26:46 2024,15.039,15.002,15.001,14.998
Wed Feb 14 22:27:05 2024,15.119,15.016,15.005,15.002
Wed Feb 14 22:28:30 2024,14.989,15.004,14.998,15.006
Wed Feb 14 22:28:45 2024,14.948,14.967,14.999,14.997
Wed Feb 14 22:29:00 2024,14.995,14.98,15.005,14.999
Wed Feb 14 22:29:15 2024,15.022,14.995,15.001,14.996
Wed Feb 14 22:29:30 2024,14.948,14.977,15.0,14.999
Wed Feb 14 22:29:53 2024,14.998,14.983,14.994,15.004
Wed Feb 14 22:30:12 2024,14.969,15.005,14.996,14.992
Wed Feb 14 22:30:31 2024,15.086,14.991,14.998,14.997
Wed Feb 14 22:30:50 2024,14.966,14.915,14.998,14.998
Wed Feb 14 22:31:09 2024,15.78,14.982,15.003,14.997
Wed Feb 14 22:31:28 2024,15.022,15.091,15.005,14.996
Wed Feb 14 22:31:47 2024,14.988,15.029,15.002,15.003
Wed Feb 14 22:32:06 2024,15.014,14.976,14.997,14.999
Wed Feb 14 22:32:25 2024,15.006,14.986,14.998,14.999
Wed Feb 14 22:32:44 2024,14.803,14.988,15.002,15.001
Wed Feb 14 22:34:09 2024,15.011,15.009,15.003,15.002
Wed Feb 14 22:34:24 2024,15.008,15.002,15.005,14.996
Wed Feb 14 22:34:39 2024,15.033,14.981,15.003,14.991
Wed Feb 14 22:34:54 2024,14.992,14.983,14.999,15.009
Wed Feb 14 22:35:09 2024,14.856,15.062,15.001,14.995
Wed Feb 14 22:35:32 2024,14.909,15.0,14.999,14.997
Wed Feb 14 22:35:51 2024,15.008,15.004,14.999,14.995
Wed Feb 14 22:36:10 2024,14.836,15.001,15.004,14.998
Wed Feb 14 22:36:29 2024,14.894,15.006,15.0,15.0
Wed Feb 14 22:36:48 2024,14.984,15.006,15.001,15.002
Wed Feb 14 22:37:07 2024,14.991,15.029,15.0,15.0
Wed Feb 14 22:37:26 2024,15.023,14.994,15.0,15.0
Wed Feb 14 22:37:45 2024,15.089,15.002,14.998,14.996
Wed Feb 14 22:38:04 2024,14.983,14.991,14.997,14.997
Wed Feb 14 22:38:23 2024,14.908,15.004,14.997,14.999
Wed Feb 14 22:39:48 2024,14.994,14.99,14.998,15.003
Wed Feb 14 22:40:03 2024,14.913,15.011,14.997,14.996
Wed Feb 14 22:40:18 2024,14.873,15.021,15.002,14.993
Wed Feb 14 22:40:33 2024,14.903,15.006,15.0,15.005
Wed Feb 14 22:40:48 2024,14.995,14.985,14.998,15.0
Wed Feb 14 22:41:11 2024,15.014,14.986,15.005,15.002
Wed Feb 14 22:41:30 2024,14.966,15.0,14.998,14.995
Wed Feb 14 22:41:49 2024,15.016,14.991,15.0,15.001
Wed Feb 14 22:42:08 2024,14.998,15.066,14.996,15.002
Wed Feb 14 22:42:28 2024,15.009,15.042,15.0,14.997
Wed Feb 14 22:42:47 2024,14.97,15.061,15.001,15.0
Wed Feb 14 22:43:05 2024,15.006,15.052,14.998,15.002
Wed Feb 14 22:43:24 2024,15.003,15.055,15.003,14.998
Wed Feb 14 22:43:43 2024,14.964,15.088,15.002,15.002
Wed Feb 14 22:44:02 2024,15.005,15.081,15.0,14.995
Wed Feb 14 22:45:27 2024,14.986,14.859,14.998,15.005
Wed Feb 14 22:45:42 2024,15.016,15.007,15.001,15.002
Wed Feb 14 22:45:57 2024,14.95,15.005,15.0,15.005
Wed Feb 14 22:46:12 2024,15.058,14.991,15.001,15.004
Wed Feb 14 22:46:27 2024,15.019,15.009,15.002,15.001
Wed Feb 14 22:46:50 2024,14.953,14.99,14.999,14.998
Wed Feb 14 22:47:09 2024,14.928,14.969,15.0,14.999
Wed Feb 14 22:47:28 2024,15.038,14.982,15.002,14.998
Wed Feb 14 22:47:47 2024,14.963,14.998,15.001,15.001
Wed Feb 14 22:48:06 2024,15.039,15.012,15.0,14.995
Wed Feb 14 22:48:25 2024,14.905,15.001,15.003,14.998
Wed Feb 14 22:48:44 2024,14.883,15.008,15.004,15.005
Wed Feb 14 22:49:03 2024,14.972,15.012,14.998,15.002
Wed Feb 14 22:49:22 2024,15.012,15.013,15.001,15.004
Wed Feb 14 22:49:41 2024,14.961,15.003,15.001,14.993
Wed Feb 14 22:51:06 2024,14.988,14.992,15.001,15.002
Wed Feb 14 22:51:21 2024,14.923,15.0,14.997,14.996
Wed Feb 14 22:51:36 2024,15.027,14.993,14.998,15.01
Wed Feb 14 22:51:51 2024,14.986,14.982,15.003,15.0
Wed Feb 14 22:52:06 2024,14.978,15.011,15.004,15.003
Wed Feb 14 22:52:29 2024,15.016,15.014,15.001,15.002
Wed Feb 14 22:52:48 2024,14.989,14.969,15.0,14.996
Wed Feb 14 22:53:07 2024,15.039,14.996,15.001,15.002
Wed Feb 14 22:53:26 2024,14.902,14.992,15.001,14.997
Wed Feb 14 22:53:45 2024,14.984,15.014,15.002,15.008
Wed Feb 14 22:54:04 2024,14.975,14.994,15.0,15.005
Wed Feb 14 22:54:23 2024,14.952,14.989,15.0,15.01
Wed Feb 14 22:54:42 2024,14.981,15.023,14.998,14.989
Wed Feb 14 22:55:01 2024,14.894,15.03,15.001,14.996
Wed Feb 14 22:55:20 2024,15.158,15.015,14.997,15.001
Wed Feb 14 22:56:45 2024,14.973,15.066,14.998,14.992
Wed Feb 14 22:57:00 2024,14.964,15.019,14.998,15.005
Wed Feb 14 22:57:15 2024,15.012,14.775,15.006,15.001
Wed Feb 14 22:57:30 2024,15.083,14.996,14.999,14.993
Wed Feb 14 22:57:45 2024,14.903,14.859,14.996,15.007
Wed Feb 14 22:58:08 2024,15.075,14.839,15.0,15.007
Wed Feb 14 22:58:27 2024,14.98,15.005,14.993,14.999
Wed Feb 14 22:58:46 2024,14.991,15.005,14.998,14.995
Wed Feb 14 22:59:05 2024,15.002,15.014,15.001,15.002
Wed Feb 14 22:59:24 2024,14.955,15.041,14.997,14.995
Wed Feb 14 22:59:43 2024,14.878,15.008,15.001,15.002
Wed Feb 14 23:00:02 2024,15.031,14.974,14.999,15.005
Wed Feb 14 23:00:21 2024,14.978,14.997,14.998,15.002
Wed Feb 14 23:00:40 2024,14.991,15.0,15.005,15.001
Wed Feb 14 23:00:59 2024,15.014,15.002,15.002,14.999
Wed Feb 14 23:02:24 2024,15.014,15.001,14.998,15.005
Wed Feb 14 23:02:39 2024,14.966,15.005,14.999,15.001
Wed Feb 14 23:02:54 2024,15.012,14.994,14.998,14.999
Wed Feb 14 23:03:09 2024,15.047,14.734,15.002,15.002
Wed Feb 14 23:03:24 2024,15.006,15.011,14.998,14.988
Wed Feb 14 23:03:47 2024,15.114,15.099,15.049,15.112
Wed Feb 14 23:04:02 2024,14.998,15.002,14.996,14.963
Wed Feb 14 23:04:17 2024,14.953,14.965,14.977,14.952
Wed Feb 14 23:04:32 2024,14.988,14.984,14.988,14.94
Wed Feb 14 23:04:47 2024,14.991,14.995,14.995,14.984
Wed Feb 14 23:05:02 2024,15.005,15.005,15.002,15.01
Wed Feb 14 23:05:17 2024,15.0,14.993,15.001,14.995
Wed Feb 14 23:05:32 2024,15.002,14.993,15.001,15.002
Wed Feb 14 23:05:47 2024,15.0,15.0,15.0,15.001
Wed Feb 14 23:06:02 2024,15.0,15.0,15.0,14.998
Wed Feb 14 23:06:17 2024,15.002,14.992,15.001,15.002
Wed Feb 14 23:06:31 2024,15.0,14.999,14.999,14.999
Wed Feb 14 23:06:46 2024,14.998,15.0,15.0,14.999
Wed Feb 14 23:07:01 2024,15.0,14.999,14.998,14.998
Wed Feb 14 23:07:16 2024,14.953,14.998,15.001,15.001
Wed Feb 14 23:07:31 2024,14.986,14.995,15.001,15.002
Wed Feb 14 23:07:46 2024,14.97,14.998,14.998,15.002
Wed Feb 14 23:08:01 2024,14.995,15.003,15.0,15.0
Wed Feb 14 23:08:16 2024,14.828,15.004,14.999,14.997
Wed Feb 14 23:08:31 2024,14.967,14.991,15.002,15.001
Wed Feb 14 23:08:46 2024,14.969,14.998,15.002,15.005
Wed Feb 14 23:09:00 2024,14.98,14.998,15.0,15.002
Wed Feb 14 23:09:15 2024,15.0,14.991,15.002,15.003
Wed Feb 14 23:09:30 2024,14.97,14.999,15.0,14.999
Wed Feb 14 23:09:45 2024,14.997,15.002,14.999,15.003
Wed Feb 14 23:10:00 2024,15.034,15.002,15.002,15.001
Wed Feb 14 23:10:15 2024,15.0,14.998,15.0,14.997
Wed Feb 14 23:10:30 2024,14.948,15.004,14.999,15.001
Wed Feb 14 23:10:45 2024,15.0,14.995,15.001,14.998
Wed Feb 14 23:10:59 2024,15.027,15.001,14.998,14.998
Wed Feb 14 23:11:14 2024,15.002,14.999,15.001,15.001
Wed Feb 14 23:11:29 2024,14.998,15.001,15.001,14.999
Wed Feb 14 23:11:44 2024,15.0,15.0,15.0,15.002
Wed Feb 14 23:11:59 2024,15.003,14.999,15.0,14.999
Wed Feb 14 23:12:14 2024,14.966,15.002,14.998,14.999
Wed Feb 14 23:12:29 2024,15.002,15.002,15.0,15.005
Wed Feb 14 23:12:44 2024,14.989,15.001,15.0,15.002
Wed Feb 14 23:12:58 2024,14.998,15.003,15.001,14.998
Wed Feb 14 23:13:13 2024,15.011,15.006,15.001,14.997
Wed Feb 14 23:13:28 2024,14.997,14.998,14.999,14.999
Wed Feb 14 23:13:43 2024,15.0,14.999,15.001,15.001
Wed Feb 14 23:13:58 2024,15.002,14.998,15.0,14.999
Wed Feb 14 23:14:13 2024,15.0,14.998,15.001,14.998
Wed Feb 14 23:14:28 2024,15.034,15.0,15.0,14.999
Wed Feb 14 23:14:43 2024,14.997,15.001,14.998,14.998
Wed Feb 14 23:14:58 2024,14.992,15.002,15.002,14.997
Wed Feb 14 23:15:12 2024,14.997,15.0,14.999,14.999
Wed Feb 14 23:15:27 2024,14.997,15.002,15.0,14.995
Wed Feb 14 23:15:42 2024,15.566,14.999,15.001,15.006
Wed Feb 14 23:15:57 2024,15.0,14.998,15.001,15.002
Wed Feb 14 23:16:12 2024,15.0,14.991,14.998,15.001
Wed Feb 14 23:16:27 2024,15.0,15.014,14.996,15.001
Wed Feb 14 23:16:42 2024,15.0,15.0,15.001,15.0
Wed Feb 14 23:16:57 2024,14.998,15.0,15.0,15.0
Wed Feb 14 23:17:12 2024,14.998,14.996,15.001,14.998
Wed Feb 14 23:17:27 2024,14.998,15.018,14.996,14.998
Wed Feb 14 23:17:41 2024,15.002,15.004,15.002,14.999
Wed Feb 14 23:17:56 2024,14.998,15.0,15.001,15.0
Wed Feb 14 23:18:11 2024,15.0,15.006,14.998,15.006
Wed Feb 14 23:18:26 2024,14.977,14.995,15.0,15.0
Wed Feb 14 23:18:41 2024,15.002,14.998,15.0,15.002
Wed Feb 14 23:18:56 2024,15.012,14.998,15.0,14.997
Wed Feb 14 23:19:11 2024,14.998,15.003,14.996,14.997
Wed Feb 14 23:19:26 2024,15.0,14.995,15.0,15.002
Wed Feb 14 23:19:41 2024,14.945,15.001,14.998,14.997
Wed Feb 14 23:19:55 2024,14.998,15.005,15.002,14.997
Wed Feb 14 23:20:10 2024,15.003,15.0,15.0,15.001
Wed Feb 14 23:20:25 2024,15.002,14.995,15.0,15.001
Wed Feb 14 23:20:40 2024,15.002,15.002,15.0,14.999
Wed Feb 14 23:20:55 2024,15.005,15.002,15.001,15.001
Wed Feb 14 23:21:10 2024,15.002,15.0,15.001,14.998
Wed Feb 14 23:21:25 2024,15.002,14.995,15.001,14.999
Wed Feb 14 23:21:40 2024,15.014,14.998,15.0,15.001
Wed Feb 14 23:21:55 2024,15.0,15.002,14.999,14.999
Wed Feb 14 23:22:09 2024,14.998,15.001,15.001,14.999
Wed Feb 14 23:22:24 2024,15.008,15.0,15.0,15.002
Wed Feb 14 23:22:39 2024,14.998,15.0,15.001,14.999
Wed Feb 14 23:22:54 2024,14.997,14.997,15.002,14.999
Wed Feb 14 23:23:09 2024,15.0,15.001,15.004,14.999
Wed Feb 14 23:23:24 2024,15.003,15.002,15.0,15.001
Wed Feb 14 23:23:39 2024,14.995,15.0,15.0,15.0
Wed Feb 14 23:23:54 2024,15.002,15.002,15.001,15.0
Wed Feb 14 23:24:09 2024,14.997,15.0,15.001,14.999
Wed Feb 14 23:24:24 2024,14.997,15.001,15.0,14.999
Wed Feb 14 23:24:39 2024,15.0,14.999,15.0,14.999
Wed Feb 14 23:24:53 2024,15.005,15.001,14.999,14.999
Wed Feb 14 23:25:08 2024,15.002,14.999,15.0,15.001
Wed Feb 14 23:25:23 2024,15.002,15.001,15.0,15.001
Wed Feb 14 23:25:38 2024,14.997,15.001,15.0,15.002
Wed Feb 14 23:25:53 2024,14.998,15.001,14.998,14.998
Wed Feb 14 23:26:08 2024,15.0,14.998,14.999,14.999
Wed Feb 14 23:26:23 2024,14.998,15.0,14.999,14.999
Wed Feb 14 23:26:38 2024,15.002,15.0,14.998,15.0
Wed Feb 14 23:26:53 2024,15.0,15.0,14.999,15.001
Wed Feb 14 23:27:07 2024,15.0,14.997,14.999,14.999
Wed Feb 14 23:27:22 2024,14.995,15.002,15.003,15.002
Wed Feb 14 23:27:37 2024,15.002,14.999,15.001,15.0
Wed Feb 14 23:27:52 2024,15.0,15.001,14.997,15.001
Wed Feb 14 23:28:07 2024,14.997,15.001,14.998,14.999
Wed Feb 14 23:28:22 2024,15.002,15.0,15.0,14.997
Wed Feb 14 23:28:37 2024,15.003,15.0,15.0,14.998
Wed Feb 14 23:28:52 2024,15.003,15.0,15.0,14.999
Wed Feb 14 23:29:07 2024,15.005,15.0,15.001,14.998
Wed Feb 14 23:29:21 2024,15.002,15.001,15.001,15.0
Wed Feb 14 23:29:36 2024,15.006,15.001,15.001,14.999
Wed Feb 14 23:29:51 2024,15.003,15.002,15.001,14.999
Wed Feb 14 23:30:06 2024,15.002,15.001,15.002,15.0
Wed Feb 14 23:30:21 2024,15.003,14.999,15.0,14.997
Wed Feb 14 23:30:36 2024,14.997,15.0,15.001,15.0
Wed Feb 14 23:30:51 2024,14.995,15.0,15.001,14.998
Wed Feb 14 23:31:06 2024,14.989,15.001,14.997,15.001
Wed Feb 14 23:31:21 2024,14.984,15.0,14.998,14.995
Wed Feb 14 23:31:35 2024,14.897,15.0,15.0,15.005
Wed Feb 14 23:31:50 2024,15.0,15.0,15.0,15.001
Wed Feb 14 23:32:05 2024,15.011,14.999,15.001,15.004
Wed Feb 14 23:32:20 2024,14.986,15.0,15.0,14.998
Wed Feb 14 23:32:35 2024,15.0,15.001,15.001,14.999
Wed Feb 14 23:32:50 2024,14.995,14.999,14.999,15.0
Wed Feb 14 23:33:05 2024,15.002,15.002,15.0,15.0
Wed Feb 14 23:33:20 2024,14.997,14.998,14.999,15.0
Wed Feb 14 23:33:35 2024,14.995,14.999,15.0,15.0
Wed Feb 14 23:33:49 2024,15.0,15.0,14.999,15.002
Wed Feb 14 23:34:04 2024,15.0,15.0,14.999,15.002
Wed Feb 14 23:34:19 2024,15.0,15.0,15.0,15.002
Wed Feb 14 23:34:34 2024,15.003,15.0,14.999,15.002
Wed Feb 14 23:34:49 2024,15.002,15.0,15.0,15.002
Wed Feb 14 23:35:04 2024,15.002,15.0,15.001,14.998
Wed Feb 14 23:35:19 2024,15.0,15.0,15.0,15.002
Wed Feb 14 23:35:34 2024,15.002,15.001,15.0,15.0
Wed Feb 14 23:35:48 2024,15.002,15.002,15.0,14.998
Wed Feb 14 23:36:03 2024,15.002,15.0,15.002,15.0
Wed Feb 14 23:36:18 2024,14.995,14.999,15.002,14.998
Wed Feb 14 23:36:33 2024,15.003,15.0,15.001,15.001
Wed Feb 14 23:36:48 2024,15.0,15.0,15.001,14.999
Wed Feb 14 23:37:03 2024,15.0,15.001,15.0,15.002
Wed Feb 14 23:37:18 2024,15.003,15.002,15.001,15.002
Wed Feb 14 23:37:33 2024,15.0,15.001,15.001,15.002
Wed Feb 14 23:37:48 2024,15.003,15.0,14.998,14.998
Wed Feb 14 23:38:03 2024,15.002,15.0,14.998,15.0
Wed Feb 14 23:38:17 2024,15.0,14.999,15.0,15.0
Wed Feb 14 23:38:32 2024,15.002,15.0,15.001,15.002
Wed Feb 14 23:38:47 2024,15.0,15.001,15.002,15.002
Wed Feb 14 23:39:02 2024,14.998,15.001,14.998,14.998
Wed Feb 14 23:39:17 2024,15.002,14.999,14.999,14.999
Wed Feb 14 23:39:32 2024,14.997,14.997,15.0,14.999
Wed Feb 14 23:39:47 2024,15.003,15.002,15.0,15.002
Wed Feb 14 23:40:02 2024,15.002,15.001,15.0,15.002
Wed Feb 14 23:40:17 2024,15.003,15.0,15.0,15.0
Wed Feb 14 23:40:32 2024,15.0,15.001,15.002,14.997
Wed Feb 14 23:40:46 2024,15.002,15.0,15.002,15.0
Wed Feb 14 23:41:01 2024,14.998,15.0,14.998,15.001
Wed Feb 14 23:41:16 2024,14.997,15.001,14.999,15.003
Wed Feb 14 23:41:31 2024,15.003,14.999,15.0,15.002
Wed Feb 14 23:41:46 2024,15.0,14.998,15.0,14.999
Wed Feb 14 23:42:01 2024,15.0,14.998,15.001,15.001
Wed Feb 14 23:42:16 2024,15.003,15.002,15.0,15.001
Wed Feb 14 23:42:31 2024,15.008,14.999,15.003,14.998
Wed Feb 14 23:42:46 2024,15.0,15.0,14.999,15.0
Wed Feb 14 23:43:00 2024,15.022,15.001,14.999,15.007
Wed Feb 14 23:43:15 2024,14.992,14.999,14.997,14.995
Wed Feb 14 23:43:30 2024,14.848,15.0,14.996,14.998
Wed Feb 14 23:43:45 2024,14.991,15.0,15.001,14.999
Wed Feb 14 23:44:00 2024,15.019,14.998,15.002,15.003
Wed Feb 14 23:44:15 2024,14.995,14.999,15.001,14.999
Wed Feb 14 23:44:30 2024,14.986,14.998,15.001,15.002
Wed Feb 14 23:44:45 2024,14.983,14.999,15.003,14.998
Wed Feb 14 23:45:00 2024,14.923,14.999,15.002,15.0
Wed Feb 14 23:45:14 2024,15.012,15.001,15.003,15.003
Wed Feb 14 23:45:29 2024,15.002,15.0,15.002,14.998
Wed Feb 14 23:45:44 2024,15.002,15.0,15.001,15.0
Wed Feb 14 23:45:59 2024,14.998,15.0,15.001,14.999
Wed Feb 14 23:46:14 2024,14.998,15.0,15.002,14.998
Wed Feb 14 23:46:29 2024,15.0,15.0,15.002,15.001
Wed Feb 14 23:46:44 2024,14.998,15.002,14.999,14.999
Wed Feb 14 23:46:59 2024,15.0,15.002,14.998,15.002
Wed Feb 14 23:47:13 2024,15.0,15.0,15.001,14.997
Wed Feb 14 23:47:28 2024,15.002,15.002,15.0,14.998
Wed Feb 14 23:47:43 2024,15.0,15.0,15.0,15.002
Wed Feb 14 23:47:58 2024,15.003,15.0,14.998,14.999
Wed Feb 14 23:48:13 2024,15.0,15.0,14.997,15.002
Wed Feb 14 23:48:28 2024,14.998,15.0,14.999,15.002
Wed Feb 14 23:48:43 2024,14.997,15.001,14.999,15.004
Wed Feb 14 23:48:58 2024,15.0,15.001,15.0,15.004
Wed Feb 14 23:49:13 2024,15.005,15.001,14.999,14.998
Wed Feb 14 23:49:28 2024,15.002,15.002,14.999,15.002
Wed Feb 14 23:49:42 2024,14.997,15.002,15.0,14.999
Wed Feb 14 23:49:57 2024,14.998,14.999,15.0,15.002
Wed Feb 14 23:50:12 2024,14.998,14.999,14.999,15.002
Wed Feb 14 23:50:27 2024,15.0,15.0,15.0,15.001
Wed Feb 14 23:50:42 2024,14.998,14.999,15.0,14.998
Wed Feb 14 23:50:57 2024,15.0,15.001,15.001,15.003
Wed Feb 14 23:51:12 2024,15.0,15.0,15.0,15.0
Wed Feb 14 23:51:27 2024,15.0,15.001,15.0,15.0
Wed Feb 14 23:51:41 2024,15.0,15.001,15.0,15.002
Wed Feb 14 23:51:56 2024,15.002,15.001,15.0,14.998
Wed Feb 14 23:52:11 2024,14.983,15.002,14.999,15.002
Wed Feb 14 23:52:26 2024,15.005,14.999,14.999,15.0
Wed Feb 14 23:52:41 2024,15.003,15.001,15.0,14.999
Wed Feb 14 23:52:56 2024,15.003,15.0,14.999,15.0
Wed Feb 14 23:53:11 2024,15.002,14.999,15.001,15.003
Wed Feb 14 23:53:26 2024,15.002,15.002,15.0,14.998
Wed Feb 14 23:53:40 2024,15.002,15.0,15.0,14.997
Wed Feb 14 23:53:55 2024,15.002,15.0,15.0,15.0
Wed Feb 14 23:54:10 2024,15.0,15.0,15.002,14.999
Wed Feb 14 23:54:25 2024,15.0,15.0,15.001,15.001
Wed Feb 14 23:54:40 2024,14.998,15.0,15.001,14.998
Wed Feb 14 23:54:55 2024,15.0,15.0,15.0,15.001
Wed Feb 14 23:55:10 2024,14.998,15.0,15.002,14.998
Wed Feb 14 23:55:25 2024,14.998,15.002,15.002,15.001
Wed Feb 14 23:55:40 2024,15.0,14.999,15.0,14.998
Wed Feb 14 23:55:55 2024,15.002,14.998,15.001,15.002
Wed Feb 14 23:56:10 2024,15.0,15.002,15.002,15.001
Wed Feb 14 23:56:24 2024,15.0,15.0,15.001,15.0
Wed Feb 14 23:56:39 2024,15.002,15.001,15.0,15.005
Wed Feb 14 23:56:54 2024,15.002,14.999,14.998,14.997
Wed Feb 14 23:57:09 2024,15.0,15.0,15.0,15.002
Wed Feb 14 23:57:24 2024,15.0,15.0,14.999,14.998
Wed Feb 14 23:57:39 2024,15.0,15.0,15.0,15.001
Wed Feb 14 23:57:54 2024,14.998,15.001,14.999,14.998
Wed Feb 14 23:58:09 2024,15.0,14.998,14.998,15.002
Wed Feb 14 23:58:24 2024,14.998,15.0,14.998,15.0
Wed Feb 14 23:58:39 2024,14.998,15.0,14.999,15.002
Wed Feb 14 23:58:53 2024,15.002,14.999,15.0,14.998
Wed Feb 14 23:59:08 2024,15.002,15.0,15.0,14.999
Wed Feb 14 23:59:23 2024,15.0,15.0,15.0,15.001
Wed Feb 14 23:59:38 2024,14.998,15.0,15.0,14.998
Wed Feb 14 23:59:53 2024,14.998,15.0,14.999,15.003
Thu Feb 15 00:00:08 2024,14.998,15.001,14.999,14.999
Thu Feb 15 00:00:23 2024,15.003,14.999,14.999,15.002
Thu Feb 15 00:00:38 2024,14.997,14.996,15.0,14.997
Thu Feb 15 00:00:53 2024,14.998,14.998,15.0,15.001
Thu Feb 15 00:01:07 2024,15.002,14.999,15.0,14.999
Thu Feb 15 00:01:22 2024,14.998,14.999,15.0,14.999
Thu Feb 15 00:01:37 2024,15.002,15.001,14.999,15.0
Thu Feb 15 00:01:52 2024,15.0,15.0,14.999,14.998
Thu Feb 15 00:02:07 2024,15.002,15.0,15.0,15.001
Thu Feb 15 00:02:22 2024,15.003,15.0,14.999,14.998
Thu Feb 15 00:02:37 2024,14.998,15.0,14.998,15.002
Thu Feb 15 00:02:52 2024,15.002,15.001,15.0,15.0
Thu Feb 15 00:03:07 2024,15.002,15.001,14.999,14.998
Thu Feb 15 00:03:21 2024,15.0,14.999,15.0,15.004
Thu Feb 15 00:03:36 2024,15.002,15.004,15.0,14.997
Thu Feb 15 00:03:51 2024,14.998,14.998,15.0,14.999
Thu Feb 15 00:04:06 2024,15.0,15.0,15.0,15.0
Thu Feb 15 00:04:21 2024,15.0,15.0,15.001,14.998
Thu Feb 15 00:04:36 2024,14.997,15.0,15.001,15.001
Thu Feb 15 00:04:51 2024,15.003,15.0,15.001,14.996
Thu Feb 15 00:05:06 2024,14.998,14.997,15.0,14.998
Thu Feb 15 00:05:21 2024,14.998,15.0,15.001,14.999
Thu Feb 15 00:05:35 2024,15.002,15.0,15.0,14.998
Thu Feb 15 00:05:50 2024,15.003,14.998,15.002,15.0
Thu Feb 15 00:06:05 2024,15.0,14.997,15.001,15.001
Thu Feb 15 00:06:20 2024,15.0,15.002,15.002,14.998
Thu Feb 15 00:06:35 2024,15.0,14.998,15.0,15.0
Thu Feb 15 00:06:50 2024,15.0,14.999,15.002,14.999
Thu Feb 15 00:07:05 2024,15.003,15.002,15.002,14.999
Thu Feb 15 00:07:20 2024,14.995,15.0,15.002,14.998
Thu Feb 15 00:07:35 2024,15.0,15.0,14.999,15.0
Thu Feb 15 00:07:49 2024,15.0,15.001,15.0,15.002
Thu Feb 15 00:08:04 2024,15.0,15.0,14.999,14.998
Thu Feb 15 00:08:19 2024,15.002,15.001,15.0,15.001
Thu Feb 15 00:08:34 2024,15.0,15.0,15.001,15.001
Thu Feb 15 00:08:49 2024,15.006,15.001,14.999,15.001
Thu Feb 15 00:09:04 2024,15.002,15.001,15.0,14.999
Thu Feb 15 00:09:19 2024,14.981,15.001,15.0,14.998
Thu Feb 15 00:09:34 2024,15.003,15.002,14.997,14.998
Thu Feb 15 00:09:49 2024,14.998,14.999,14.998,14.998
Thu Feb 15 00:10:04 2024,15.0,15.001,14.999,14.999
Thu Feb 15 00:10:18 2024,14.997,15.0,14.999,15.0
Thu Feb 15 00:10:33 2024,15.0,14.999,14.999,15.001
Thu Feb 15 00:10:48 2024,15.0,15.0,14.999,15.002
Thu Feb 15 00:11:03 2024,14.998,15.0,15.0,14.999
Thu Feb 15 00:11:18 2024,15.0,15.001,15.0,15.0
Thu Feb 15 00:11:33 2024,15.005,14.999,14.998,15.002
Thu Feb 15 00:11:48 2024,15.003,14.999,14.997,15.002
Thu Feb 15 00:12:03 2024,15.0,15.0,15.001,15.002
Thu Feb 15 00:12:18 2024,15.0,14.998,14.997,14.999
Thu Feb 15 00:12:33 2024,14.997,15.001,14.998,15.0
Thu Feb 15 00:12:47 2024,15.002,15.002,14.998,15.001
Thu Feb 15 00:13:02 2024,14.998,14.999,14.997,14.999
Thu Feb 15 00:13:17 2024,14.998,15.0,14.998,15.0
Thu Feb 15 00:13:32 2024,15.003,15.0,14.999,15.0
Thu Feb 15 00:13:47 2024,14.997,14.999,14.999,15.001
Thu Feb 15 00:14:02 2024,15.0,15.0,15.001,15.001
Thu Feb 15 00:14:17 2024,14.995,15.0,15.0,14.997
Thu Feb 15 00:14:32 2024,15.002,15.0,14.999,14.998
Thu Feb 15 00:14:46 2024,15.0,15.002,15.0,15.002
Thu Feb 15 00:15:01 2024,14.95,15.001,15.0,15.002
Thu Feb 15 00:15:16 2024,15.0,15.002,15.0,15.001
Thu Feb 15 00:15:31 2024,15.003,14.999,14.999,14.998
Thu Feb 15 00:15:46 2024,14.998,15.0,15.0,14.999
Thu Feb 15 00:16:01 2024,15.002,14.999,14.999,15.001
Thu Feb 15 00:16:16 2024,14.991,14.999,14.999,15.001
Thu Feb 15 00:16:31 2024,14.998,15.0,15.0,15.002
Thu Feb 15 00:16:46 2024,14.997,15.0,15.0,14.998
Thu Feb 15 00:17:00 2024,14.992,14.998,15.0,15.002
Thu Feb 15 00:17:15 2024,15.002,15.002,15.002,15.005
Thu Feb 15 00:17:30 2024,15.002,14.997,15.0,14.999
Thu Feb 15 00:17:45 2024,15.0,14.998,15.0,15.001
Thu Feb 15 00:18:00 2024,15.002,14.999,15.0,15.001
Thu Feb 15 00:18:15 2024,14.997,15.0,15.001,14.999
Thu Feb 15 00:18:30 2024,15.002,14.999,14.997,14.994
Thu Feb 15 00:18:45 2024,15.016,15.0,15.003,15.009
Thu Feb 15 00:19:00 2024,15.0,15.0,15.002,14.995
Thu Feb 15 00:19:14 2024,15.0,14.999,14.999,15.008
Thu Feb 15 00:19:29 2024,15.003,15.0,14.998,14.994
Thu Feb 15 00:19:44 2024,14.998,15.0,15.0,15.013
Thu Feb 15 00:19:59 2024,14.998,15.001,15.0,14.998
Thu Feb 15 00:20:14 2024,15.0,15.001,14.999,14.996
Thu Feb 15 00:20:29 2024,14.998,14.999,15.0,15.003
Thu Feb 15 00:20:44 2024,14.998,15.002,15.0,14.997
Thu Feb 15 00:20:59 2024,15.0,15.001,15.0,14.995
Thu Feb 15 00:21:14 2024,14.998,15.002,15.0,15.005
Thu Feb 15 00:21:29 2024,15.0,14.998,15.0,15.0
Thu Feb 15 00:21:43 2024,14.995,14.999,14.999,14.994
Thu Feb 15 00:21:58 2024,15.0,14.999,15.0,15.005
Thu Feb 15 00:22:13 2024,15.002,15.0,15.0,15.003
Thu Feb 15 00:22:28 2024,14.997,15.0,15.0,14.997
Thu Feb 15 00:22:43 2024,14.998,14.999,15.0,15.003
Thu Feb 15 00:22:58 2024,15.003,15.0,15.0,14.997
Thu Feb 15 00:23:13 2024,15.0,15.001,15.0,14.995
Thu Feb 15 00:23:28 2024,15.006,15.001,15.002,14.992
Thu Feb 15 00:23:43 2024,14.92,14.999,14.999,15.01
Thu Feb 15 00:23:58 2024,15.0,15.002,15.002,15.002
Thu Feb 15 00:24:12 2024,14.997,14.999,15.002,14.992
Thu Feb 15 00:24:27 2024,15.0,15.001,14.999,15.001
Thu Feb 15 00:24:42 2024,14.977,14.998,14.999,15.007
Thu Feb 15 00:24:57 2024,15.002,14.999,15.001,14.998
Thu Feb 15 00:25:12 2024,15.273,15.0,15.001,14.997
Thu Feb 15 00:25:27 2024,15.0,15.0,15.003,15.005
Thu Feb 15 00:25:42 2024,15.0,14.998,15.0,15.002
Thu Feb 15 00:25:57 2024,15.0,15.001,15.001,14.995
Thu Feb 15 00:26:12 2024,15.002,15.0,15.001,15.004
Thu Feb 15 00:26:27 2024,14.997,15.0,15.0,15.002
Thu Feb 15 00:26:42 2024,15.002,15.001,15.001,14.995
Thu Feb 15 00:26:56 2024,15.0,15.0,15.0,15.002
Thu Feb 15 00:27:11 2024,15.0,15.0,15.001,15.009
Thu Feb 15 00:27:26 2024,15.002,15.0,15.0,15.0
Thu Feb 15 00:27:41 2024,15.0,15.0,15.0,14.992
Thu Feb 15 00:27:56 2024,14.997,15.001,15.0,15.003
Thu Feb 15 00:28:11 2024,14.998,15.001,15.0,15.005
Thu Feb 15 00:28:26 2024,15.002,15.0,15.001,14.993
Thu Feb 15 00:28:41 2024,15.006,14.998,15.002,15.002
Thu Feb 15 00:28:56 2024,15.0,14.996,15.0,15.006
Thu Feb 15 00:29:10 2024,14.973,14.995,15.001,14.998
Thu Feb 15 00:29:25 2024,14.997,14.999,15.002,14.995
Thu Feb 15 00:29:40 2024,14.997,15.004,15.002,15.005
Thu Feb 15 00:29:55 2024,15.0,14.998,15.002,15.004
Thu Feb 15 00:30:10 2024,14.998,14.999,15.002,14.991
Thu Feb 15 00:30:25 2024,14.992,15.0,14.998,15.004
Thu Feb 15 00:30:40 2024,15.002,15.003,15.0,15.005
Thu Feb 15 00:30:55 2024,14.988,15.0,15.003,14.991
Thu Feb 15 00:31:10 2024,15.002,15.0,14.999,15.002
Thu Feb 15 00:31:24 2024,14.958,15.0,15.002,15.004
Thu Feb 15 00:31:39 2024,15.003,15.002,15.002,15.003
Thu Feb 15 00:31:54 2024,14.998,14.999,14.999,14.991
Thu Feb 15 00:32:09 2024,15.002,14.999,15.0,15.008
Thu Feb 15 00:32:24 2024,15.0,15.0,14.999,15.003
Thu Feb 15 00:32:39 2024,14.995,15.0,15.0,14.991
Thu Feb 15 00:32:54 2024,15.003,15.001,15.0,15.003
Thu Feb 15 00:33:09 2024,15.012,15.0,15.0,15.005
Thu Feb 15 00:33:24 2024,14.922,15.001,15.001,14.995
Thu Feb 15 00:33:38 2024,15.0,14.999,15.0,14.997
Thu Feb 15 00:33:53 2024,15.0,15.001,15.0,15.006
Thu Feb 15 00:34:08 2024,15.002,15.0,15.0,15.001
Thu Feb 15 00:34:23 2024,14.977,14.999,14.999,14.996
Thu Feb 15 00:34:38 2024,14.998,14.998,14.998,15.005
Thu Feb 15 00:34:53 2024,15.017,15.002,15.001,14.998
Thu Feb 15 00:35:08 2024,15.0,14.998,15.002,14.997
Thu Feb 15 00:35:23 2024,15.016,15.0,15.002,15.005
Thu Feb 15 00:35:38 2024,15.0,15.002,14.997,14.994
Thu Feb 15 00:35:52 2024,15.0,14.999,15.003,15.004
Thu Feb 15 00:36:07 2024,15.019,14.999,14.998,14.991
Thu Feb 15 00:36:22 2024,15.002,15.0,15.0,15.005
Thu Feb 15 00:36:37 2024,14.989,15.002,15.001,14.994
Thu Feb 15 00:36:52 2024,14.998,15.001,14.999,15.005
Thu Feb 15 00:37:07 2024,14.956,15.0,14.998,14.995
Thu Feb 15 00:37:22 2024,15.041,15.001,15.0,15.004
Thu Feb 15 00:37:37 2024,15.002,14.999,14.999,15.0
Thu Feb 15 00:37:52 2024,15.002,14.999,15.0,15.002
Thu Feb 15 00:38:07 2024,14.998,14.999,14.999,14.999
Thu Feb 15 00:38:21 2024,15.0,15.001,15.0,14.992
Thu Feb 15 00:38:36 2024,14.983,15.0,14.999,15.009
Thu Feb 15 00:38:51 2024,14.998,14.998,14.999,14.996
Thu Feb 15 00:39:06 2024,15.005,14.999,14.998,14.997
Thu Feb 15 00:39:21 2024,15.002,15.002,14.998,15.006
Thu Feb 15 00:39:36 2024,15.003,14.998,14.998,15.0
Thu Feb 15 00:39:51 2024,14.997,14.998,15.0,14.992
Thu Feb 15 00:40:06 2024,15.0,14.999,15.002,15.006
Thu Feb 15 00:40:21 2024,14.997,14.999,14.998,15.004
Thu Feb 15 00:40:36 2024,14.995,15.002,14.999,14.994
Thu Feb 15 00:40:51 2024,15.002,15.002,15.0,15.002
Thu Feb 15 00:41:05 2024,15.0,15.0,15.0,15.007
Thu Feb 15 00:41:20 2024,14.988,15.002,14.999,14.998
Thu Feb 15 00:41:35 2024,15.0,15.0,14.999,14.994
Thu Feb 15 00:41:50 2024,14.998,15.0,15.0,15.009
Thu Feb 15 00:42:05 2024,15.003,15.0,14.999,15.0
Thu Feb 15 00:42:20 2024,15.0,15.0,15.0,14.995
Thu Feb 15 00:42:35 2024,15.012,15.001,14.999,15.008
Thu Feb 15 00:42:50 2024,14.972,14.999,15.0,15.0
Thu Feb 15 00:43:05 2024,14.998,15.0,15.0,14.987
Thu Feb 15 00:43:20 2024,14.998,15.0,15.001,15.009
Thu Feb 15 00:43:34 2024,14.997,15.001,15.002,15.002
Thu Feb 15 00:43:49 2024,15.0,15.0,15.001,14.998
Thu Feb 15 00:44:04 2024,14.992,15.001,15.002,15.005
Thu Feb 15 00:44:19 2024,15.0,14.999,15.002,15.0
Thu Feb 15 00:44:34 2024,15.002,14.997,14.999,14.991
Thu Feb 15 00:44:49 2024,14.988,15.001,14.999,15.006
Thu Feb 15 00:45:04 2024,15.002,15.001,14.998,15.002
Thu Feb 15 00:45:19 2024,14.928,15.002,14.999,14.993
Thu Feb 15 00:45:33 2024,15.031,15.003,14.999,15.005
Thu Feb 15 00:45:48 2024,15.0,15.001,14.999,15.005
Thu Feb 15 00:46:03 2024,15.002,14.998,15.0,14.995
Thu Feb 15 00:46:18 2024,15.0,15.0,14.999,14.995
Thu Feb 15 00:46:33 2024,14.998,14.999,14.999,15.008
Thu Feb 15 00:46:48 2024,15.0,15.0,15.0,15.004
Thu Feb 15 00:47:03 2024,15.005,15.0,15.0,14.996
Thu Feb 15 00:47:18 2024,15.0,15.0,15.0,14.996
Thu Feb 15 00:47:33 2024,14.992,15.0,15.0,15.003
Thu Feb 15 00:47:48 2024,14.994,15.0,14.999,15.005
Thu Feb 15 00:48:02 2024,15.002,15.001,15.001,15.005
Thu Feb 15 00:48:17 2024,15.002,15.0,15.0,14.994
Thu Feb 15 00:48:32 2024,15.002,15.0,15.0,14.991
Thu Feb 15 00:48:47 2024,14.995,15.0,15.0,15.002
Thu Feb 15 00:49:02 2024,14.998,15.001,15.001,15.008
Thu Feb 15 00:49:17 2024,15.002,14.996,15.0,15.002
Thu Feb 15 00:49:32 2024,15.003,15.002,15.001,14.994
Thu Feb 15 00:49:47 2024,14.998,14.998,15.001,14.993
Thu Feb 15 00:50:02 2024,15.0,15.0,15.001,15.003
Thu Feb 15 00:50:17 2024,15.002,15.0,15.001,15.007
Thu Feb 15 00:50:31 2024,15.002,15.0,15.001,14.999
Thu Feb 15 00:50:46 2024,14.998,15.0,15.001,14.995
Thu Feb 15 00:51:01 2024,15.0,15.001,15.001,14.995
Thu Feb 15 00:51:16 2024,14.998,15.0,15.001,15.009
Thu Feb 15 00:51:31 2024,14.998,15.0,15.0,14.998
Thu Feb 15 00:51:46 2024,15.002,15.0,15.001,14.993
Thu Feb 15 00:52:01 2024,15.0,15.002,15.001,14.998
Thu Feb 15 00:52:16 2024,14.998,15.0,15.0,15.007
Thu Feb 15 00:52:31 2024,15.0,15.001,15.002,14.995
Thu Feb 15 00:52:46 2024,15.002,15.002,14.999,14.992
Thu Feb 15 00:53:00 2024,14.998,15.001,15.002,15.006
Thu Feb 15 00:53:15 2024,15.0,14.999,14.999,15.002
Thu Feb 15 00:53:30 2024,15.002,14.998,15.0,14.994
Thu Feb 15 00:53:45 2024,15.0,15.003,14.999,14.998
Thu Feb 15 00:54:00 2024,15.003,15.002,15.001,15.011
Thu Feb 15 00:54:15 2024,15.0,15.0,14.999,14.999
Thu Feb 15 00:54:30 2024,15.002,15.003,14.999,14.995
Thu Feb 15 00:54:45 2024,15.0,15.003,15.0,15.004
Thu Feb 15 00:55:00 2024,15.0,15.0,15.001,15.003
Thu Feb 15 00:55:14 2024,14.998,14.999,15.001,14.995
Thu Feb 15 00:55:29 2024,14.997,15.0,15.001,14.995
Thu Feb 15 00:55:44 2024,15.0,14.999,15.002,15.009
Thu Feb 15 00:55:59 2024,14.998,15.0,14.999,14.999
Thu Feb 15 00:56:14 2024,15.003,15.0,15.0,14.992
Thu Feb 15 00:56:29 2024,15.002,15.001,15.001,15.005
Thu Feb 15 00:56:44 2024,15.002,15.0,15.002,15.003
Thu Feb 15 00:56:59 2024,14.997,14.999,14.998,14.997
Thu Feb 15 00:57:14 2024,15.0,15.001,14.999,14.997
Thu Feb 15 00:57:29 2024,14.998,15.0,14.998,15.007
Thu Feb 15 00:57:44 2024,15.0,15.0,15.001,15.001
Thu Feb 15 00:57:59 2024,15.003,15.001,15.001,14.992
Thu Feb 15 00:58:13 2024,15.003,14.998,15.001,15.008
Thu Feb 15 00:58:28 2024,14.998,15.001,15.0,14.999
Thu Feb 15 00:58:43 2024,15.0,15.001,15.0,14.992
Thu Feb 15 00:58:58 2024,15.0,15.001,15.001,15.006
Thu Feb 15 00:59:13 2024,15.0,14.997,15.0,15.002
Thu Feb 15 00:59:28 2024,15.0,15.0,15.002,14.994
Thu Feb 15 00:59:43 2024,14.998,15.0,14.999,15.001
Thu Feb 15 00:59:58 2024,15.002,14.999,15.0,15.006
Thu Feb 15 01:00:13 2024,15.0,15.0,14.999,14.997
Thu Feb 15 01:00:28 2024,15.002,15.003,15.0,14.995
Thu Feb 15 01:00:43 2024,15.0,15.0,15.0,15.009
Thu Feb 15 01:00:58 2024,15.002,14.999,15.002,14.999
Thu Feb 15 01:01:12 2024,14.998,15.0,14.998,14.992
Thu Feb 15 01:01:27 2024,15.002,15.0,14.998,15.007
Thu Feb 15 01:01:42 2024,15.002,15.0,15.0,15.002
Thu Feb 15 01:01:57 2024,14.997,15.0,14.998,14.992
Thu Feb 15 01:02:12 2024,15.002,15.0,14.998,15.005
Thu Feb 15 01:02:27 2024,15.002,15.0,15.0,15.0
Thu Feb 15 01:02:42 2024,15.005,14.999,15.002,14.993
Thu Feb 15 01:02:57 2024,15.003,15.001,14.998,15.005
Thu Feb 15 01:03:12 2024,15.003,15.001,15.001,15.003
Thu Feb 15 01:03:27 2024,15.002,14.998,15.0,14.994
Thu Feb 15 01:03:42 2024,15.002,15.001,15.001,15.0
Thu Feb 15 01:03:57 2024,15.025,15.008,15.006,15.032
Thu Feb 15 01:05:22 2024,15.028,15.03,14.998,14.985
Thu Feb 15 01:05:41 2024,14.975,14.973,15.004,15.015
Thu Feb 15 01:06:01 2024,15.003,14.992,14.997,15.012
Thu Feb 15 01:06:20 2024,15.07,14.971,15.031,14.988
Thu Feb 15 01:06:39 2024,15.022,14.944,15.009,15.011
Thu Feb 15 01:06:58 2024,15.066,14.984,14.998,14.991
Thu Feb 15 01:07:17 2024,14.977,15.007,14.993,14.988
Thu Feb 15 01:07:36 2024,14.967,14.977,15.0,15.01
Thu Feb 15 01:07:55 2024,14.953,14.973,15.0,14.989
Thu Feb 15 01:08:14 2024,15.02,14.988,14.995,15.0
Thu Feb 15 01:08:33 2024,15.034,14.956,14.996,14.995
Thu Feb 15 01:08:52 2024,15.002,14.973,14.996,14.996
Thu Feb 15 01:09:11 2024,15.023,15.005,15.001,14.995
Thu Feb 15 01:09:30 2024,14.998,14.994,14.997,14.977
Thu Feb 15 01:10:55 2024,15.495,15.007,14.994,15.002
Thu Feb 15 01:11:14 2024,15.027,15.009,15.002,15.013
Thu Feb 15 01:11:33 2024,14.991,15.009,14.998,15.005
Thu Feb 15 01:11:52 2024,14.991,15.023,15.0,15.002
Thu Feb 15 01:12:11 2024,15.477,14.963,15.003,15.012
Thu Feb 15 01:12:30 2024,15.027,14.998,15.002,15.01
Thu Feb 15 01:12:49 2024,15.0,14.982,14.999,15.002
Thu Feb 15 01:13:08 2024,14.938,14.945,14.993,14.996
Thu Feb 15 01:13:27 2024,14.916,14.977,15.002,15.016
Thu Feb 15 01:13:47 2024,14.966,15.022,14.996,14.996
Thu Feb 15 01:14:06 2024,15.011,15.01,14.999,15.015
Thu Feb 15 01:14:25 2024,14.988,15.001,14.999,15.0
Thu Feb 15 01:14:44 2024,14.963,15.016,14.998,15.007
Thu Feb 15 01:15:03 2024,15.023,14.905,14.996,15.013
Thu Feb 15 01:16:27 2024,14.934,15.439,14.997,15.008
Thu Feb 15 01:16:42 2024,14.972,14.988,14.994,15.02
Thu Feb 15 01:16:57 2024,14.923,14.998,15.009,15.009
Thu Feb 15 01:17:13 2024,14.847,15.004,14.999,15.004
Thu Feb 15 01:17:28 2024,15.033,15.014,14.997,14.996
Thu Feb 15 01:17:43 2024,15.134,15.017,15.002,14.988
Thu Feb 15 01:17:58 2024,15.0,14.898,14.999,14.984
Thu Feb 15 01:18:13 2024,14.989,15.058,14.998,14.988
Thu Feb 15 01:18:28 2024,14.977,14.998,14.996,14.998
Thu Feb 15 01:18:43 2024,14.886,15.009,14.998,15.007
Thu Feb 15 01:19:06 2024,15.028,15.007,15.001,14.998
Thu Feb 15 01:19:25 2024,14.998,14.998,14.993,15.005
Thu Feb 15 01:19:44 2024,15.028,14.995,14.995,15.009
Thu Feb 15 01:20:03 2024,14.986,14.974,15.004,15.005
Thu Feb 15 01:20:22 2024,15.006,14.99,14.995,14.993
Thu Feb 15 01:20:41 2024,14.83,15.038,15.002,14.995
Thu Feb 15 01:21:00 2024,14.973,15.031,14.999,14.995
Thu Feb 15 01:21:19 2024,14.978,15.028,14.994,15.005
Thu Feb 15 01:21:37 2024,15.038,14.73,15.004,14.999
Thu Feb 15 01:21:56 2024,14.977,14.997,15.001,15.016
Thu Feb 15 01:23:22 2024,15.047,14.834,14.999,14.991
Thu Feb 15 01:23:41 2024,15.055,14.992,14.998,15.0
Thu Feb 15 01:24:00 2024,14.991,15.008,14.991,15.005
Thu Feb 15 01:24:19 2024,15.006,15.008,15.002,14.996
Thu Feb 15 01:24:38 2024,14.833,15.009,15.006,14.994
Thu Feb 15 01:24:57 2024,14.959,14.988,15.005,14.991
Thu Feb 15 01:25:16 2024,14.961,14.992,15.002,15.003
Thu Feb 15 01:25:36 2024,15.041,14.941,14.996,15.009
Thu Feb 15 01:25:55 2024,14.997,14.971,14.997,14.987
Thu Feb 15 01:26:14 2024,14.869,14.989,14.996,15.009
Thu Feb 15 01:26:33 2024,14.944,15.011,14.998,14.993
Thu Feb 15 01:26:52 2024,14.956,15.007,14.997,15.014
Thu Feb 15 01:27:11 2024,14.848,15.041,14.99,14.988
Thu Feb 15 01:27:30 2024,15.028,15.034,15.002,15.009
Thu Feb 15 01:28:55 2024,14.959,14.951,15.0,14.997
Thu Feb 15 01:29:14 2024,14.959,14.986,15.001,15.005
Thu Feb 15 01:29:33 2024,14.953,15.003,15.01,14.995
Thu Feb 15 01:29:52 2024,14.998,14.995,14.994,15.013
Thu Feb 15 01:30:11 2024,14.948,15.326,14.998,14.985
Thu Feb 15 01:30:30 2024,14.983,14.963,14.995,15.005
Thu Feb 15 01:30:49 2024,15.052,15.016,15.001,14.999
Thu Feb 15 01:31:08 2024,15.023,14.99,14.997,14.998
Thu Feb 15 01:31:27 2024,15.002,14.974,15.005,15.009
Thu Feb 15 01:31:47 2024,14.894,15.009,14.992,15.011
Thu Feb 15 01:32:06 2024,14.997,14.917,15.003,14.992
Thu Feb 15 01:32:24 2024,14.975,15.023,14.995,15.005
Thu Feb 15 01:32:43 2024,15.002,15.038,15.001,14.999
Thu Feb 15 01:33:02 2024,15.012,15.013,14.998,14.995
Thu Feb 15 01:34:28 2024,15.008,15.001,14.998,14.996
Thu Feb 15 01:34:43 2024,14.995,15.02,15.008,14.986
Thu Feb 15 01:34:58 2024,15.016,15.016,15.004,15.007
Thu Feb 15 01:35:13 2024,14.966,14.988,14.995,14.998
Thu Feb 15 01:35:28 2024,15.058,14.994,14.999,15.005
Thu Feb 15 01:35:43 2024,14.97,14.959,14.995,15.012
Thu Feb 15 01:36:02 2024,14.942,14.977,14.998,14.999
Thu Feb 15 01:36:21 2024,15.002,15.007,14.995,14.995
Thu Feb 15 01:36:40 2024,15.014,14.994,14.998,15.005
Thu Feb 15 01:37:00 2024,15.111,14.917,15.005,14.997
Thu Feb 15 01:37:19 2024,14.858,15.024,15.003,15.004
Thu Feb 15 01:37:38 2024,15.036,15.009,14.999,14.994
Thu Feb 15 01:37:57 2024,15.009,15.008,15.002,15.004
Thu Feb 15 01:38:16 2024,14.913,14.998,14.999,14.998
Thu Feb 15 01:38:35 2024,15.056,14.996,14.999,15.003
Thu Feb 15 01:40:00 2024,15.009,15.006,15.004,15.008
Thu Feb 15 01:40:19 2024,14.948,15.02,15.005,14.996
Thu Feb 15 01:40:38 2024,15.0,14.992,15.002,14.994
Thu Feb 15 01:40:57 2024,14.992,14.985,14.994,15.015
Thu Feb 15 01:41:16 2024,15.048,15.009,15.003,14.99
Thu Feb 15 01:41:36 2024,14.992,14.978,15.004,15.0
Thu Feb 15 01:41:55 2024,14.934,14.906,15.0,15.003
Thu Feb 15 01:42:14 2024,15.0,14.919,14.998,14.998
Thu Feb 15 01:42:33 2024,15.031,15.008,14.999,15.002
Thu Feb 15 01:42:52 2024,14.986,15.034,15.001,15.003
Thu Feb 15 01:43:12 2024,14.981,14.966,14.998,15.002
Thu Feb 15 01:43:31 2024,15.02,14.934,15.005,15.002
Thu Feb 15 01:43:50 2024,14.995,14.995,14.991,14.998
Thu Feb 15 01:44:09 2024,15.031,15.001,15.007,15.002
Thu Feb 15 01:45:34 2024,14.97,14.995,15.002,14.995
Thu Feb 15 01:45:53 2024,15.002,15.017,15.001,14.99
Thu Feb 15 01:46:12 2024,14.97,15.016,14.993,14.993
Thu Feb 15 01:46:31 2024,15.031,14.994,15.0,15.019
Thu Feb 15 01:46:50 2024,15.014,14.944,15.009,14.998
Thu Feb 15 01:47:09 2024,15.0,14.748,15.003,15.014
Thu Feb 15 01:47:28 2024,14.938,15.027,15.001,14.994
Thu Feb 15 01:47:48 2024,15.034,14.988,15.001,15.006
Thu Feb 15 01:48:07 2024,15.061,15.08,15.001,14.988
Thu Feb 15 01:48:26 2024,14.989,14.996,15.008,14.995
Thu Feb 15 01:48:45 2024,15.023,14.991,14.993,14.996
Thu Feb 15 01:49:04 2024,14.981,14.981,14.999,14.999
Thu Feb 15 01:49:23 2024,14.942,15.008,14.993,14.996
Thu Feb 15 01:49:42 2024,14.898,15.002,14.992,14.998
Thu Feb 15 01:51:07 2024,15.009,15.032,15.002,14.998
Thu Feb 15 01:51:22 2024,14.991,14.985,14.996,14.993
Thu Feb 15 01:51:37 2024,14.967,14.991,15.001,15.005
Thu Feb 15 01:51:52 2024,15.223,14.971,14.971,15.002
Thu Feb 15 01:52:07 2024,15.045,15.008,14.986,14.994
Thu Feb 15 01:52:22 2024,15.008,14.992,15.003,15.011
Thu Feb 15 01:52:41 2024,14.992,15.0,14.995,14.993
Thu Feb 15 01:53:01 2024,14.981,14.998,15.002,14.993
Thu Feb 15 01:53:19 2024,14.998,14.986,15.001,15.001
Thu Feb 15 01:53:39 2024,14.877,15.038,14.995,15.007
Thu Feb 15 01:53:58 2024,14.967,15.014,15.0,14.998
Thu Feb 15 01:54:17 2024,15.086,15.221,14.998,15.012
Thu Feb 15 01:54:36 2024,14.913,14.981,14.984,14.99
Thu Feb 15 01:54:55 2024,15.0,14.994,15.002,15.009
Thu Feb 15 01:55:14 2024,14.955,14.792,15.001,14.996
Thu Feb 15 01:56:39 2024,15.047,14.938,15.0,15.002
Thu Feb 15 01:56:58 2024,14.994,15.005,14.998,14.994
Thu Feb 15 01:57:17 2024,15.02,15.031,15.0,15.01
Thu Feb 15 01:57:36 2024,14.973,14.972,14.999,14.994
Thu Feb 15 01:57:55 2024,14.894,14.997,15.002,14.998
Thu Feb 15 01:58:15 2024,15.014,14.96,14.999,15.008
Thu Feb 15 01:58:34 2024,14.984,14.957,14.998,14.988
Thu Feb 15 01:58:53 2024,14.923,15.0,15.0,15.011
Thu Feb 15 01:59:12 2024,14.97,15.02,14.999,15.006
Thu Feb 15 01:59:31 2024,14.972,15.012,15.002,14.998
Thu Feb 15 01:59:50 2024,15.011,15.006,14.999,15.002
Thu Feb 15 02:00:09 2024,15.272,14.982,14.999,15.006
Thu Feb 15 02:00:28 2024,14.913,14.978,15.0,14.98
Thu Feb 15 02:00:47 2024,15.031,14.99,15.001,15.006
Thu Feb 15 02:02:12 2024,14.945,15.005,15.0,14.984
Thu Feb 15 02:02:31 2024,14.928,14.963,15.0,14.995
Thu Feb 15 02:02:50 2024,14.934,15.016,14.999,15.006
Thu Feb 15 02:03:09 2024,15.023,15.008,15.001,14.995
Thu Feb 15 02:03:28 2024,15.022,15.015,15.0,15.009
Thu Feb 15 02:03:48 2024,14.991,15.037,15.0,14.982
Thu Feb 15 02:04:07 2024,14.992,14.995,15.002,15.012
Thu Feb 15 02:04:26 2024,14.955,14.988,14.998,14.999
Thu Feb 15 02:04:45 2024,14.884,15.002,15.002,14.995
Thu Feb 15 02:05:04 2024,14.914,14.997,15.002,15.027
Thu Feb 15 02:05:23 2024,14.983,15.009,14.998,14.98
Thu Feb 15 02:05:42 2024,15.027,15.02,15.002,15.009
Thu Feb 15 02:06:01 2024,15.014,14.998,14.996,15.005
Thu Feb 15 02:06:20 2024,14.945,14.925,14.998,14.994
Thu Feb 15 02:07:45 2024,15.053,14.941,14.996,14.993
Thu Feb 15 02:08:00 2024,15.005,15.015,14.997,15.002
Thu Feb 15 02:08:15 2024,15.006,15.011,14.998,14.997
Thu Feb 15 02:08:30 2024,15.003,15.011,15.001,14.995
Thu Feb 15 02:08:45 2024,15.025,15.016,15.001,14.999
Thu Feb 15 02:09:00 2024,14.948,14.999,14.991,15.004
Thu Feb 15 02:09:20 2024,15.027,14.997,14.994,14.993
Thu Feb 15 02:09:39 2024,15.017,14.98,15.003,14.995
Thu Feb 15 02:09:58 2024,15.019,15.005,15.007,15.002
Thu Feb 15 02:10:17 2024,15.234,15.005,14.998,15.003
Thu Feb 15 02:10:36 2024,14.967,14.759,14.976,15.003
Thu Feb 15 02:10:55 2024,15.047,14.987,14.999,15.002
Thu Feb 15 02:11:14 2024,14.981,15.001,15.001,14.998
Thu Feb 15 02:11:33 2024,14.97,15.04,15.001,14.995
Thu Feb 15 02:11:52 2024,14.988,15.084,14.988,14.996
Thu Feb 15 02:13:17 2024,14.889,14.795,15.009,15.011
Thu Feb 15 02:13:37 2024,14.973,15.007,14.996,14.996
Thu Feb 15 02:13:56 2024,14.867,14.991,15.005,14.994
Thu Feb 15 02:14:15 2024,15.203,15.007,14.999,14.991
Thu Feb 15 02:14:34 2024,14.867,14.98,15.005,15.012
Thu Feb 15 02:14:53 2024,14.975,15.022,14.999,15.004
Thu Feb 15 02:15:12 2024,15.0,15.01,14.988,14.989
Thu Feb 15 02:15:31 2024,14.87,15.0,14.995,14.998
Thu Feb 15 02:15:51 2024,14.992,15.01,15.005,14.998
Thu Feb 15 02:16:10 2024,15.005,15.008,15.004,15.005
Thu Feb 15 02:16:29 2024,14.986,14.959,14.998,15.001
Thu Feb 15 02:16:48 2024,14.952,15.019,14.981,14.991
Thu Feb 15 02:17:07 2024,15.003,14.982,15.003,14.995
Thu Feb 15 02:17:26 2024,15.016,14.993,14.989,15.006
Thu Feb 15 02:18:51 2024,15.019,14.983,14.995,14.998
Thu Feb 15 02:19:10 2024,14.997,15.002,14.998,14.995
Thu Feb 15 02:19:29 2024,15.008,14.999,15.007,15.005
Thu Feb 15 02:19:48 2024,14.975,14.986,14.995,15.008
Thu Feb 15 02:20:07 2024,14.997,14.966,14.998,15.001
Thu Feb 15 02:20:26 2024,15.031,14.989,15.004,14.998
Thu Feb 15 02:20:45 2024,14.944,14.871,14.998,15.0
Thu Feb 15 02:21:04 2024,15.017,15.002,14.998,15.005
Thu Feb 15 02:21:23 2024,15.136,15.016,15.005,14.991
Thu Feb 15 02:21:43 2024,15.031,14.946,14.995,14.999
Thu Feb 15 02:22:02 2024,15.002,15.005,14.998,14.996
Thu Feb 15 02:22:21 2024,14.991,14.982,14.998,15.005
Thu Feb 15 02:22:40 2024,14.983,14.989,15.002,14.996
Thu Feb 15 02:22:59 2024,15.045,15.008,15.002,14.995
Thu Feb 15 02:24:24 2024,14.942,15.038,14.995,14.999
Thu Feb 15 02:24:39 2024,15.028,15.305,14.999,14.996
Thu Feb 15 02:24:54 2024,14.986,14.998,14.998,14.995
Thu Feb 15 02:25:09 2024,14.964,14.977,14.997,14.995
Thu Feb 15 02:25:24 2024,14.861,14.998,14.997,14.998
Thu Feb 15 02:25:40 2024,15.017,14.994,15.002,15.004
Thu Feb 15 02:25:59 2024,14.939,14.979,15.002,15.001
Thu Feb 15 02:26:18 2024,14.958,15.005,14.996,15.001
Thu Feb 15 02:26:37 2024,14.981,14.992,14.996,15.002
Thu Feb 15 02:26:56 2024,14.994,14.995,15.002,14.995
Thu Feb 15 02:27:15 2024,14.956,15.037,15.011,14.991
Thu Feb 15 02:27:34 2024,14.797,14.734,14.998,14.998
Thu Feb 15 02:27:53 2024,15.006,15.045,14.997,15.0
Thu Feb 15 02:28:12 2024,14.892,15.004,14.999,15.009
Thu Feb 15 02:28:31 2024,14.98,14.995,15.005,15.005
Thu Feb 15 02:29:56 2024,15.025,14.963,15.002,14.998
Thu Feb 15 02:30:15 2024,14.759,15.0,15.007,15.001
Thu Feb 15 02:30:34 2024,15.052,14.994,15.002,15.004
Thu Feb 15 02:30:54 2024,14.973,14.997,15.009,15.006
Thu Feb 15 02:31:13 2024,14.945,15.005,14.995,15.013
Thu Feb 15 02:31:32 2024,14.98,15.021,14.999,14.995
Thu Feb 15 02:31:51 2024,15.909,15.004,15.003,15.002
Thu Feb 15 02:32:10 2024,15.017,14.973,15.002,15.002
Thu Feb 15 02:32:29 2024,15.005,15.02,14.998,15.004
Thu Feb 15 02:32:49 2024,14.978,15.038,14.999,14.997
Thu Feb 15 02:33:08 2024,14.994,15.034,14.995,14.992
Thu Feb 15 02:33:27 2024,15.039,14.934,14.998,15.005
Thu Feb 15 02:33:45 2024,14.998,15.011,14.998,15.005
Thu Feb 15 02:34:05 2024,14.834,15.001,15.001,15.002
Thu Feb 15 02:35:29 2024,14.966,14.998,15.003,15.008
Thu Feb 15 02:35:48 2024,14.958,15.023,14.998,14.991
Thu Feb 15 02:36:07 2024,15.017,14.958,15.002,15.009
Thu Feb 15 02:36:27 2024,14.952,14.984,15.001,15.001
Thu Feb 15 02:36:46 2024,14.998,14.983,15.002,15.003
Thu Feb 15 02:37:05 2024,15.102,14.999,14.991,14.996
Thu Feb 15 02:37:24 2024,14.95,15.036,14.997,14.992
Thu Feb 15 02:37:43 2024,15.0,15.012,14.998,14.989
Thu Feb 15 02:38:02 2024,14.998,15.024,14.996,15.005
Thu Feb 15 02:38:21 2024,14.966,15.004,15.002,15.001
Thu Feb 15 02:38:40 2024,14.856,14.972,14.997,15.003
Thu Feb 15 02:38:59 2024,14.805,14.989,15.0,14.992
Thu Feb 15 02:39:18 2024,15.014,14.986,15.008,14.995
Thu Feb 15 02:39:37 2024,14.981,14.998,15.001,14.994
Thu Feb 15 02:41:02 2024,15.003,15.003,15.003,14.987
Thu Feb 15 02:41:17 2024,14.992,15.0,15.005,14.996
Thu Feb 15 02:41:32 2024,14.992,14.993,14.998,15.011
Thu Feb 15 02:41:47 2024,14.969,14.998,14.998,15.01
Thu Feb 15 02:42:02 2024,15.034,14.988,15.002,15.009
Thu Feb 15 02:42:18 2024,14.997,14.995,14.997,14.998
Thu Feb 15 02:42:37 2024,14.984,14.946,15.0,15.009
Thu Feb 15 02:42:56 2024,14.853,15.014,15.0,15.002
Thu Feb 15 02:43:15 2024,14.984,14.976,15.001,15.011
Thu Feb 15 02:43:34 2024,14.942,15.001,15.001,14.998
Thu Feb 15 02:43:53 2024,15.019,15.015,14.999,14.999
Thu Feb 15 02:44:12 2024,14.939,14.798,15.002,15.005
Thu Feb 15 02:44:31 2024,15.038,15.016,14.992,14.989
Thu Feb 15 02:44:50 2024,15.011,14.97,15.005,14.997
Thu Feb 15 02:45:09 2024,14.981,14.988,14.999,14.998
Thu Feb 15 02:46:34 2024,15.002,15.013,14.995,14.978
Thu Feb 15 02:46:54 2024,15.036,15.018,15.0,14.995
Thu Feb 15 02:47:13 2024,14.844,14.986,15.005,14.991
Thu Feb 15 02:47:32 2024,15.067,15.015,15.002,14.992
Thu Feb 15 02:47:51 2024,15.002,14.948,14.992,14.997
Thu Feb 15 02:48:10 2024,14.953,15.031,14.994,14.998
Thu Feb 15 02:48:29 2024,14.975,14.988,15.002,15.005
Thu Feb 15 02:48:48 2024,14.914,15.005,15.002,14.995
Thu Feb 15 02:49:08 2024,15.066,15.011,14.996,14.995
Thu Feb 15 02:49:27 2024,14.922,14.995,14.992,14.99
Thu Feb 15 02:49:46 2024,14.998,14.998,15.003,15.0
Thu Feb 15 02:50:05 2024,14.872,14.966,15.001,14.991
Thu Feb 15 02:50:24 2024,15.025,15.006,14.995,15.012
Thu Feb 15 02:50:43 2024,15.005,14.823,15.001,15.014
Thu Feb 15 02:52:07 2024,14.997,15.026,15.006,14.995
Thu Feb 15 02:52:26 2024,15.077,14.998,15.004,14.999
Thu Feb 15 02:52:46 2024,15.081,14.98,15.003,14.99
Thu Feb 15 02:53:05 2024,15.145,15.005,14.993,15.003
Thu Feb 15 02:53:24 2024,14.902,15.012,15.001,15.002
Thu Feb 15 02:53:43 2024,14.97,14.986,15.0,15.011
Thu Feb 15 02:54:02 2024,15.045,15.005,15.002,14.997
Thu Feb 15 02:54:21 2024,15.02,15.005,15.001,14.993
Thu Feb 15 02:54:40 2024,15.038,14.948,15.006,14.991
Thu Feb 15 02:55:00 2024,15.031,15.023,15.003,15.005
Thu Feb 15 02:55:19 2024,14.989,15.012,15.005,14.994
Thu Feb 15 02:55:37 2024,15.009,15.025,15.004,15.012
Thu Feb 15 02:55:56 2024,14.948,14.741,15.0,14.999
Thu Feb 15 02:56:15 2024,15.023,14.974,15.002,14.998
Thu Feb 15 02:57:40 2024,15.745,15.012,15.003,14.99
Thu Feb 15 02:57:56 2024,14.747,15.03,14.992,14.995
Thu Feb 15 02:58:11 2024,15.016,15.046,14.99,14.996
Thu Feb 15 02:58:26 2024,15.069,14.974,14.995,15.01
Thu Feb 15 02:58:41 2024,15.016,15.019,14.998,14.995
Thu Feb 15 02:58:56 2024,15.102,15.071,15.052,15.114
Thu Feb 15 02:59:11 2024,14.953,14.971,14.98,14.952
Thu Feb 15 02:59:26 2024,15.003,15.001,15.009,15.02
Thu Feb 15 02:59:41 2024,15.003,15.012,14.998,15.03
Thu Feb 15 02:59:56 2024,15.003,14.998,15.001,14.986
Thu Feb 15 03:00:11 2024,15.002,14.998,14.999,14.994
Thu Feb 15 03:00:26 2024,15.002,15.002,15.0,15.004
Thu Feb 15 03:00:41 2024,15.002,14.998,15.0,14.999
Thu Feb 15 03:00:56 2024,14.992,15.001,15.0,15.002
Thu Feb 15 03:01:11 2024,14.997,15.003,15.0,14.998
Thu Feb 15 03:01:26 2024,15.012,15.001,15.002,15.002
Thu Feb 15 03:01:41 2024,14.984,14.999,15.0,14.999
Thu Feb 15 03:01:56 2024,15.003,14.999,15.001,15.002
Thu Feb 15 03:02:11 2024,14.995,15.0,14.998,14.998
Thu Feb 15 03:02:26 2024,15.003,15.001,15.0,14.997
Thu Feb 15 03:02:40 2024,14.905,14.999,15.0,14.999
Thu Feb 15 03:02:55 2024,15.017,14.999,15.001,14.998
Thu Feb 15 03:03:10 2024,14.998,15.003,15.002,15.001
Thu Feb 15 03:03:25 2024,15.008,15.002,15.0,15.002
Thu Feb 15 03:03:40 2024,14.842,14.998,15.0,15.001
Thu Feb 15 03:04:00 2024,14.998,15.0,15.0,15.003
