Time,Reaction Name,iC4H10 SP,O2 SP,N2 SP,N2O SP,H2 SP,Furnace Temp SP,Reactor Temp SP,Ramp Rate SP,Number of Samples SP,Delay Time SP,Injection Offset SP,gc_stream SP,Bulk SP SP,iC4H10 PV,O2 PV,N2 PV,N2O PV,H2 PV,Furnace Temp PV,Reactor Temp PV,Ramp Rate PV,Number of Samples PV,Delay Time PV,Injection Offset PV,gc_stream PV,Bulk SP PV
Tue Jan 30 07:50:27 2024,24-002-04 bp,45.38065,0,59.5595,0,0,25.0,-1.0,0.0,3,0,0,1,15,44.480624999999996,0.0,59.550000000000004,0.0,0.0,54.020896911621094,26.609283447265625,0.0,0,0,0,1,14.9692
Tue Jan 30 07:51:52 2024,24-002-04 bp,45.38065,0,59.5595,0,0,25.0,-1.0,0.0,3,0,0,1,15,45.361875000000005,0.0,59.55375,0.0,0.0,53.94929504394531,26.564239501953125,0.0,1,0,0,1,14.9986
Tue Jan 30 07:52:02 2024,24-002-04 bp,45.38065,0,59.5595,0,0,25.0,-1.0,0.0,3,0,0,1,15,45.358125,0.0,59.55375,0.0,0.0,53.94240188598633,26.5400390625,0.0,1,0,0,1,14.9986
Tue Jan 30 07:52:11 2024,24-002-04 bp,45.38065,0,59.5595,0,0,25.0,-1.0,0.0,3,0,0,1,15,45.3675,0.0,59.55375,0.0,0.0,53.93336486816406,26.499053955078125,0.0,1,0,0,1,15.002600000000001
Tue Jan 30 07:52:20 2024,24-002-04 bp,45.38065,0,59.5595,0,0,25.0,-1.0,0.0,3,0,0,1,15,45.361875000000005,0.0,59.561249999999994,0.0,0.0,53.92315673828125,26.635833740234375,0.0,1,0,0,1,15.002600000000001
Tue Jan 30 07:52:30 2024,24-002-04 bp,45.38065,0,59.5595,0,0,25.0,-1.0,0.0,3,0,0,1,15,45.3675,0.0,59.561249999999994,0.0,0.0,53.91995620727539,26.59246826171875,0.0,1,0,0,1,15.005599999999998
Tue Jan 30 07:52:40 2024,24-002-04 bp,45.38065,0,59.5595,0,0,25.0,-1.0,0.0,3,0,0,1,15,45.361875000000005,0.0,59.56875,0.0,0.0,53.90983963012695,26.48828125,0.0,1,0,0,1,15.005599999999998
Tue Jan 30 07:52:49 2024,24-002-04 bp,45.38065,0,59.5595,0,0,25.0,-1.0,0.0,3,0,0,1,15,45.369375,0.0,59.5575,0.0,0.0,53.90260696411133,26.60760498046875,0.0,1,0,0,1,15.0118
Tue Jan 30 07:52:59 2024,24-002-04 bp,45.38065,0,59.5595,0,0,25.0,-1.0,0.0,3,0,0,1,15,45.365625,0.0,59.561249999999994,0.0,0.0,53.89704132080078,26.604949951171875,0.0,1,0,0,1,15.0118
Tue Jan 30 07:53:08 2024,24-002-04 bp,45.38065,0,59.5595,0,0,25.0,-1.0,0.0,3,0,0,1,15,45.365625,0.0,59.561249999999994,0.0,0.0,53.88544845581055,26.448974609375,0.0,1,0,0,1,14.988800000000001
Tue Jan 30 07:53:18 2024,24-002-04 bp,45.38065,0,59.5595,0,0,25.0,-1.0,0.0,3,0,0,1,15,45.369375,0.0,59.5575,0.0,0.0,53.87541961669922,26.531646728515625,0.0,1,0,0,1,14.988800000000001
Tue Jan 30 07:53:27 2024,24-002-04 bp,45.38065,0,59.5595,0,0,25.0,-1.0,0.0,3,0,0,1,15,45.3675,0.0,59.5575,0.0,0.0,53.87683868408203,26.521240234375,0.0,1,0,0,1,15.0148
Tue Jan 30 07:53:37 2024,24-002-04 bp,45.38065,0,59.5595,0,0,25.0,-1.0,0.0,3,0,0,1,15,45.365625,0.0,59.565,0.0,0.0,53.86872863769531,26.460418701171875,0.0,1,0,0,1,15.0148
Tue Jan 30 07:53:46 2024,24-002-04 bp,45.38065,0,59.5595,0,0,25.0,-1.0,0.0,3,0,0,1,15,45.3675,0.0,59.5575,0.0,0.0,53.857032775878906,26.546783447265625,0.0,1,0,0,1,15.002
Tue Jan 30 07:53:56 2024,24-002-04 bp,45.38065,0,59.5595,0,0,25.0,-1.0,0.0,3,0,0,1,15,45.3675,0.0,59.5575,0.0,0.0,53.85169982910156,26.557861328125,0.0,1,0,0,1,15.002
Tue Jan 30 07:54:05 2024,24-002-04 bp,45.38065,0,59.5595,0,0,25.0,-1.0,0.0,3,0,0,1,15,45.365625,0.0,59.55375,0.0,0.0,53.84318542480469,26.44964599609375,0.0,1,0,0,1,15.000200000000001
Tue Jan 30 07:54:15 2024,24-002-04 bp,45.38065,0,59.5595,0,0,25.0,-1.0,0.0,3,0,0,1,15,45.369375,0.0,59.550000000000004,0.0,0.0,53.840293884277344,26.501068115234375,0.0,1,0,0,1,15.000200000000001
Tue Jan 30 07:54:24 2024,24-002-04 bp,45.38065,0,59.5595,0,0,25.0,-1.0,0.0,3,0,0,1,15,45.3675,0.0,59.55375,0.0,0.0,53.8361930847168,26.514495849609375,0.0,1,0,0,1,15.014199999999999
Tue Jan 30 07:54:34 2024,24-002-04 bp,45.38065,0,59.5595,0,0,25.0,-1.0,0.0,3,0,0,1,15,45.369375,0.0,59.565,0.0,0.0,53.82642364501953,26.480255126953125,0.0,1,0,0,1,15.014199999999999
Tue Jan 30 07:54:44 2024,24-002-04 bp,45.38065,0,59.5595,0,0,25.0,-1.0,0.0,3,0,0,1,15,45.3675,0.0,59.550000000000004,0.0,0.0,53.823020935058594,26.510498046875,0.0,1,0,0,1,14.9988
Tue Jan 30 07:54:54 2024,24-002-04 bp,45.38065,0,59.5595,0,0,25.0,-1.0,0.0,3,0,0,1,15,45.37125,0.0,59.56875,0.0,0.0,53.809532165527344,26.529632568359375,0.0,1,0,0,1,14.9988
Tue Jan 30 07:55:03 2024,24-002-04 bp,45.38065,0,59.5595,0,0,25.0,-1.0,0.0,3,0,0,1,15,45.369375,0.0,59.561249999999994,0.0,0.0,53.80406951904297,26.514190673828125,0.0,1,0,0,1,14.9886
Tue Jan 30 07:55:13 2024,24-002-04 bp,45.38065,0,59.5595,0,0,25.0,-1.0,0.0,3,0,0,1,15,45.369375,0.0,59.55375,0.0,0.0,53.79256820678711,26.310150146484375,0.0,1,0,0,1,14.9886
Tue Jan 30 07:55:22 2024,24-002-04 bp,45.38065,0,59.5595,0,0,25.0,-1.0,0.0,3,0,0,1,15,45.37125,0.0,59.55375,0.0,0.0,53.79145812988281,26.3316650390625,0.0,1,0,0,1,15.0064
Tue Jan 30 07:55:32 2024,24-002-04 bp,45.38065,0,59.5595,0,0,25.0,-1.0,0.0,3,0,0,1,15,45.373125,0.0,59.55375,0.0,0.0,53.77743911743164,26.288299560546875,0.0,1,0,0,1,15.0064
Tue Jan 30 07:55:41 2024,24-002-04 bp,45.38065,0,59.5595,0,0,25.0,-1.0,0.0,3,0,0,1,15,45.365625,0.0,59.54625,0.0,0.0,53.76988220214844,26.355865478515625,0.0,1,0,0,1,15.0744
Tue Jan 30 07:55:50 2024,24-002-04 bp,45.38065,0,59.5595,0,0,25.0,-1.0,0.0,3,0,0,1,15,45.369375,0.0,59.561249999999994,0.0,0.0,53.76475143432617,26.308135986328125,0.0,1,0,0,1,15.0744
Tue Jan 30 07:56:00 2024,24-002-04 bp,45.38065,0,59.5595,0,0,25.0,-1.0,0.0,3,0,0,1,15,45.37125,0.0,59.55375,0.0,0.0,53.75270080566406,26.377716064453125,0.0,1,0,0,1,14.9954
Tue Jan 30 07:57:25 2024,24-002-04 bp,45.38065,0,59.5595,0,0,25.0,-1.0,0.0,3,0,0,1,15,45.373125,0.0,59.56875,0.0,0.0,53.694923400878906,26.25836181640625,0.0,2,0,0,1,15.0
Tue Jan 30 07:57:34 2024,24-002-04 bp,45.38065,0,59.5595,0,0,25.0,-1.0,0.0,3,0,0,1,15,45.369375,0.0,59.5575,0.0,0.0,53.68622589111328,26.3343505859375,0.0,2,0,0,1,15.0
Tue Jan 30 07:57:44 2024,24-002-04 bp,45.38065,0,59.5595,0,0,25.0,-1.0,0.0,3,0,0,1,15,45.376875,0.0,59.5575,0.0,0.0,53.66991424560547,26.195526123046875,0.0,2,0,0,1,15.0746
Tue Jan 30 07:57:53 2024,24-002-04 bp,45.38065,0,59.5595,0,0,25.0,-1.0,0.0,3,0,0,1,15,45.375,0.0,59.5575,0.0,0.0,53.668617248535156,26.269134521484375,0.0,2,0,0,1,15.0746
Tue Jan 30 07:58:03 2024,24-002-04 bp,45.38065,0,59.5595,0,0,25.0,-1.0,0.0,3,0,0,1,15,45.3675,0.0,59.561249999999994,0.0,0.0,53.661598205566406,26.2933349609375,0.0,2,0,0,1,14.9648
Tue Jan 30 07:58:12 2024,24-002-04 bp,45.38065,0,59.5595,0,0,25.0,-1.0,0.0,3,0,0,1,15,45.375,0.0,59.565,0.0,0.0,53.654998779296875,26.176025390625,0.0,2,0,0,1,14.9648
Tue Jan 30 07:58:22 2024,24-002-04 bp,45.38065,0,59.5595,0,0,25.0,-1.0,0.0,3,0,0,1,15,45.375,0.0,59.561249999999994,0.0,0.0,53.642330169677734,26.258697509765625,0.0,2,0,0,1,14.993200000000002
Tue Jan 30 07:58:32 2024,24-002-04 bp,45.38065,0,59.5595,0,0,25.0,-1.0,0.0,3,0,0,1,15,45.37125,0.0,59.5575,0.0,0.0,53.64764404296875,26.327972412109375,0.0,2,0,0,1,14.993200000000002
Tue Jan 30 07:58:41 2024,24-002-04 bp,45.38065,0,59.5595,0,0,25.0,-1.0,0.0,3,0,0,1,15,45.375,0.0,59.5575,0.0,0.0,53.63652038574219,26.234832763671875,0.0,2,0,0,1,14.99
Tue Jan 30 07:58:50 2024,24-002-04 bp,45.38065,0,59.5595,0,0,25.0,-1.0,0.0,3,0,0,1,15,45.375,0.0,59.5575,0.0,0.0,53.62263488769531,26.236846923828125,0.0,2,0,0,1,14.99
Tue Jan 30 07:59:00 2024,24-002-04 bp,45.38065,0,59.5595,0,0,25.0,-1.0,0.0,3,0,0,1,15,45.376875,0.0,59.5575,0.0,0.0,53.624855041503906,26.154510498046875,0.0,2,0,0,1,15.0666
Tue Jan 30 07:59:09 2024,24-002-04 bp,45.38065,0,59.5595,0,0,25.0,-1.0,0.0,3,0,0,1,15,45.378750000000004,0.0,59.565,0.0,0.0,53.61520767211914,26.20623779296875,0.0,2,0,0,1,15.0666
Tue Jan 30 07:59:19 2024,24-002-04 bp,45.38065,0,59.5595,0,0,25.0,-1.0,0.0,3,0,0,1,15,45.375,0.0,59.561249999999994,0.0,0.0,53.606849670410156,26.2933349609375,0.0,2,0,0,1,14.981200000000001
Tue Jan 30 07:59:29 2024,24-002-04 bp,45.38065,0,59.5595,0,0,25.0,-1.0,0.0,3,0,0,1,15,45.37125,0.0,59.561249999999994,0.0,0.0,53.60203170776367,26.06573486328125,0.0,2,0,0,1,14.981200000000001
Tue Jan 30 07:59:38 2024,24-002-04 bp,45.38065,0,59.5595,0,0,25.0,-1.0,0.0,3,0,0,1,15,45.378750000000004,0.0,59.561249999999994,0.0,0.0,53.59498596191406,26.156524658203125,0.0,2,0,0,1,15.003
Tue Jan 30 07:59:48 2024,24-002-04 bp,45.38065,0,59.5595,0,0,25.0,-1.0,0.0,3,0,0,1,15,45.373125,0.0,59.54625,0.0,0.0,53.58734893798828,26.171966552734375,0.0,2,0,0,1,15.003
Tue Jan 30 07:59:57 2024,24-002-04 bp,45.38065,0,59.5595,0,0,25.0,-1.0,0.0,3,0,0,1,15,45.3825,0.0,59.565,0.0,0.0,53.582427978515625,26.13934326171875,0.0,2,0,0,1,14.9952
Tue Jan 30 08:00:07 2024,24-002-04 bp,45.38065,0,59.5595,0,0,25.0,-1.0,0.0,3,0,0,1,15,45.375,0.0,59.55375,0.0,0.0,53.571205139160156,26.124237060546875,0.0,2,0,0,1,14.9952
Tue Jan 30 08:00:17 2024,24-002-04 bp,45.38065,0,59.5595,0,0,25.0,-1.0,0.0,3,0,0,1,15,45.37125,0.0,59.561249999999994,0.0,0.0,53.563819885253906,26.122222900390625,0.0,2,0,0,1,14.934999999999999
Tue Jan 30 08:00:27 2024,24-002-04 bp,45.38065,0,59.5595,0,0,25.0,-1.0,0.0,3,0,0,1,15,45.373125,0.0,59.55375,0.0,0.0,53.564552307128906,26.1676025390625,0.0,2,0,0,1,14.934999999999999
Tue Jan 30 08:00:36 2024,24-002-04 bp,45.38065,0,59.5595,0,0,25.0,-1.0,0.0,3,0,0,1,15,45.376875,0.0,59.5575,0.0,0.0,53.55534362792969,26.115478515625,0.0,2,0,0,1,15.024599999999998
Tue Jan 30 08:00:45 2024,24-002-04 bp,45.38065,0,59.5595,0,0,25.0,-1.0,0.0,3,0,0,1,15,45.378750000000004,0.0,59.56875,0.0,0.0,53.546714782714844,26.160858154296875,0.0,2,0,0,1,15.024599999999998
Tue Jan 30 08:00:55 2024,24-002-04 bp,45.38065,0,59.5595,0,0,25.0,-1.0,0.0,3,0,0,1,15,45.37125,0.0,59.561249999999994,0.0,0.0,53.53487777709961,26.117828369140625,0.0,2,0,0,1,14.984199999999998
Tue Jan 30 08:01:04 2024,24-002-04 bp,45.38065,0,59.5595,0,0,25.0,-1.0,0.0,3,0,0,1,15,45.37125,0.0,59.5575,0.0,0.0,53.53018569946289,25.99847412109375,0.0,2,0,0,1,14.984199999999998
Tue Jan 30 08:01:13 2024,24-002-04 bp,45.38065,0,59.5595,0,0,25.0,-1.0,0.0,3,0,0,1,15,45.373125,0.0,59.5575,0.0,0.0,53.52851486206055,26.074462890625,0.0,2,0,0,1,14.9886
Tue Jan 30 08:01:23 2024,24-002-04 bp,45.38065,0,59.5595,0,0,25.0,-1.0,0.0,3,0,0,1,15,45.375,0.0,59.5575,0.0,0.0,53.51679992675781,26.07244873046875,0.0,2,0,0,1,14.9886
Tue Jan 30 08:01:32 2024,24-002-04 bp,45.38065,0,59.5595,0,0,25.0,-1.0,0.0,3,0,0,1,15,45.375,0.0,59.561249999999994,0.0,0.0,53.511436462402344,26.1114501953125,0.0,2,0,0,1,15.059999999999999
Tue Jan 30 08:02:58 2024,24-002-04 bp,45.38065,0,59.5595,0,0,25.0,-1.0,0.0,3,0,0,1,15,45.376875,0.0,59.55375,0.0,0.0,53.446067810058594,25.981658935546875,0.0,3,0,0,1,14.994200000000001
Tue Jan 30 08:03:05 2024,24-002-04 bp,45.38065,0,59.5595,0,0,25.0,-1.0,0.0,3,0,0,1,15,45.378750000000004,0.0,59.561249999999994,0.0,0.0,53.439212799072266,25.93389892578125,0.0,3,0,0,1,14.994200000000001
Tue Jan 30 08:03:12 2024,24-002-04 bp,45.38065,0,59.5595,0,0,25.0,-1.0,0.0,3,0,0,1,15,45.376875,0.0,59.550000000000004,0.0,0.0,53.438873291015625,26.076812744140625,0.0,3,0,0,1,14.991200000000001
Tue Jan 30 08:03:20 2024,24-002-04 bp,45.38065,0,59.5595,0,0,25.0,-1.0,0.0,3,0,0,1,15,45.375,0.0,59.5575,0.0,0.0,53.4268798828125,25.929534912109375,0.0,3,0,0,1,14.991200000000001
Tue Jan 30 08:03:27 2024,24-002-04 bp,45.38065,0,59.5595,0,0,25.0,-1.0,0.0,3,0,0,1,15,45.375,0.0,59.565,0.0,0.0,53.423587799072266,25.977294921875,0.0,3,0,0,1,15.0014
Tue Jan 30 08:03:35 2024,24-002-04 bp,45.38065,0,59.5595,0,0,25.0,-1.0,0.0,3,0,0,1,15,45.378750000000004,0.0,59.56875,0.0,0.0,53.42003631591797,25.92987060546875,0.0,3,0,0,1,15.0014
Tue Jan 30 08:03:42 2024,24-002-04 bp,45.38065,0,59.5595,0,0,25.0,-1.0,0.0,3,0,0,1,15,45.376875,0.0,59.561249999999994,0.0,0.0,53.41636657714844,26.0294189453125,0.0,3,0,0,1,14.9916
Tue Jan 30 08:03:50 2024,24-002-04 bp,45.38065,0,59.5595,0,0,25.0,-1.0,0.0,3,0,0,1,15,45.376875,0.0,59.5575,0.0,0.0,53.41127014160156,25.9661865234375,0.0,3,0,0,1,14.9916
Tue Jan 30 08:03:57 2024,24-002-04 bp,45.38065,0,59.5595,0,0,25.0,-1.0,0.0,3,0,0,1,15,45.378750000000004,0.0,59.5575,0.0,0.0,53.4071044921875,25.840087890625,0.0,3,0,0,1,15.001
Tue Jan 30 08:04:05 2024,24-002-04 bp,45.38065,0,59.5595,0,0,25.0,-1.0,0.0,3,0,0,1,15,45.373125,0.0,59.561249999999994,0.0,0.0,53.39772033691406,25.937957763671875,0.0,3,0,0,1,15.001
Tue Jan 30 08:04:12 2024,24-002-04 bp,45.38065,0,59.5595,0,0,25.0,-1.0,0.0,3,0,0,1,15,45.378750000000004,0.0,59.5575,0.0,0.0,53.392120361328125,25.972900390625,0.0,3,0,0,1,14.9876
Tue Jan 30 08:04:20 2024,24-002-04 bp,45.38065,0,59.5595,0,0,25.0,-1.0,0.0,3,0,0,1,15,45.380625,0.0,59.5575,0.0,0.0,53.38179016113281,25.873382568359375,0.0,3,0,0,1,14.9876
Tue Jan 30 08:04:27 2024,24-002-04 bp,45.38065,0,59.5595,0,0,25.0,-1.0,0.0,3,0,0,1,15,45.376875,0.0,59.5575,0.0,0.0,53.37811279296875,25.8837890625,0.0,3,0,0,1,14.996800000000002
Tue Jan 30 08:04:35 2024,24-002-04 bp,45.38065,0,59.5595,0,0,25.0,-1.0,0.0,3,0,0,1,15,45.376875,0.0,59.5575,0.0,0.0,53.377593994140625,25.962158203125,0.0,3,0,0,1,14.996800000000002
Tue Jan 30 08:04:42 2024,24-002-04 bp,45.38065,0,59.5595,0,0,25.0,-1.0,0.0,3,0,0,1,15,45.376875,0.0,59.5575,0.0,0.0,53.37428283691406,26.025054931640625,0.0,3,0,0,1,14.997
Tue Jan 30 08:04:50 2024,24-002-04 bp,45.38065,0,59.5595,0,0,25.0,-1.0,0.0,3,0,0,1,15,45.376875,0.0,59.561249999999994,0.0,0.0,53.37104797363281,25.92279052734375,0.0,3,0,0,1,14.997
Tue Jan 30 08:04:57 2024,24-002-04 bp,45.38065,0,59.5595,0,0,25.0,-1.0,0.0,3,0,0,1,15,45.378750000000004,0.0,59.54625,0.0,0.0,53.364280700683594,25.888519287109375,0.0,3,0,0,1,15.000200000000001
Tue Jan 30 08:05:05 2024,24-002-04 bp,45.38065,0,59.5595,0,0,25.0,-1.0,0.0,3,0,0,1,15,45.380625,0.0,59.550000000000004,0.0,0.0,53.359493255615234,25.89727783203125,0.0,3,0,0,1,15.000200000000001
Tue Jan 30 08:05:12 2024,24-002-04 bp,45.38065,0,59.5595,0,0,25.0,-1.0,0.0,3,0,0,1,15,45.376875,0.0,59.5575,0.0,0.0,53.352989196777344,25.964508056640625,0.0,3,0,0,1,14.986
Tue Jan 30 08:05:20 2024,24-002-04 bp,45.38065,0,59.5595,0,0,25.0,-1.0,0.0,3,0,0,1,15,45.375,0.0,59.56875,0.0,0.0,53.350311279296875,25.905670166015625,0.0,3,0,0,1,14.986
Tue Jan 30 08:05:27 2024,24-002-04 bp,45.38065,0,59.5595,0,0,25.0,-1.0,0.0,3,0,0,1,15,45.376875,0.0,59.56875,0.0,0.0,53.33622741699219,25.832000732421875,0.0,3,0,0,1,14.995000000000001
Tue Jan 30 08:05:42 2024,24-002-04 bp,45.38065,0,59.5595,0,0,25.0,-1.0,0.0,3,0,3,1,15,45.375,0.0,59.561249999999994,0.0,0.0,53.32948303222656,25.78863525390625,0.0,0,0,3,1,15.011599999999998
Tue Jan 30 08:05:52 2024,24-002-04 bp,45.38065,0,59.5595,0,0,25.0,-1.0,0.0,3,0,3,1,15,45.380625,0.0,59.56875,0.0,0.0,53.325775146484375,25.9140625,0.0,0,0,3,1,15.011599999999998
Tue Jan 30 08:06:01 2024,24-002-04 bp,45.38065,0,59.5595,0,0,25.0,-1.0,0.0,3,0,3,1,15,45.375,0.0,59.561249999999994,0.0,0.0,53.32050323486328,25.853851318359375,0.0,0,0,3,1,15.000800000000002
Tue Jan 30 08:06:11 2024,24-002-04 bp,45.38065,0,59.5595,0,0,25.0,-1.0,0.0,3,0,3,1,15,45.378750000000004,0.0,59.561249999999994,0.0,0.0,53.30892562866211,25.888519287109375,0.0,0,0,3,1,15.000800000000002
Tue Jan 30 08:06:20 2024,24-002-04 bp,45.38065,0,59.5595,0,0,25.0,-1.0,0.0,3,0,3,1,15,45.375,0.0,59.5575,0.0,0.0,53.3048210144043,25.99005126953125,0.0,0,0,3,1,14.985999999999999
Tue Jan 30 08:06:30 2024,24-002-04 bp,45.38065,0,59.5595,0,0,25.0,-1.0,0.0,3,0,3,1,15,45.376875,0.0,59.5575,0.0,0.0,53.2994384765625,25.836029052734375,0.0,0,0,3,1,14.985999999999999
Tue Jan 30 08:06:39 2024,24-002-04 bp,45.38065,0,59.5595,0,0,25.0,-1.0,0.0,3,0,3,1,15,45.378750000000004,0.0,59.55375,0.0,0.0,53.28730773925781,25.90802001953125,0.0,0,0,3,1,14.990800000000002
Tue Jan 30 08:06:49 2024,24-002-04 bp,45.38065,0,59.5595,0,0,25.0,-1.0,0.0,3,0,3,1,15,45.375,0.0,59.5575,0.0,0.0,53.28299331665039,25.847137451171875,0.0,0,0,3,1,14.990800000000002
Tue Jan 30 08:06:58 2024,24-002-04 bp,45.38065,0,59.5595,0,0,25.0,-1.0,0.0,3,0,3,1,15,45.376875,0.0,59.550000000000004,0.0,0.0,53.2755241394043,25.85150146484375,0.0,0,0,3,1,14.9636
Tue Jan 30 08:07:08 2024,24-002-04 bp,45.38065,0,59.5595,0,0,25.0,-1.0,0.0,3,0,3,1,15,45.378750000000004,0.0,59.561249999999994,0.0,0.0,53.268157958984375,25.654083251953125,0.0,0,0,3,1,14.9636
Tue Jan 30 08:07:17 2024,24-002-04 bp,45.38065,0,59.5595,0,0,25.0,-1.0,0.0,3,0,3,1,15,45.380625,0.0,59.5575,0.0,0.0,53.26572036743164,25.74322509765625,0.0,0,0,3,1,15.006
Tue Jan 30 08:07:27 2024,24-002-04 bp,45.38065,0,59.5595,0,0,25.0,-1.0,0.0,3,0,3,1,15,45.3825,0.0,59.561249999999994,0.0,0.0,53.25839614868164,25.779876708984375,0.0,0,0,3,1,15.006
Tue Jan 30 08:07:36 2024,24-002-04 bp,45.38065,0,59.5595,0,0,25.0,-1.0,0.0,3,0,3,1,15,45.375,0.0,59.565,0.0,0.0,53.251670837402344,25.853851318359375,0.0,0,0,3,1,14.999199999999998
Tue Jan 30 08:07:45 2024,24-002-04 bp,45.38065,0,59.5595,0,0,25.0,-1.0,0.0,3,0,3,1,15,45.376875,0.0,59.55375,0.0,0.0,53.24361038208008,25.78021240234375,0.0,0,0,3,1,14.999199999999998
Tue Jan 30 08:07:55 2024,24-002-04 bp,45.38065,0,59.5595,0,0,25.0,-1.0,0.0,3,0,3,1,15,45.378750000000004,0.0,59.5575,0.0,0.0,53.24103546142578,25.756317138671875,0.0,0,0,3,1,15.000599999999997
Tue Jan 30 08:08:04 2024,24-002-04 bp,45.38065,0,59.5595,0,0,25.0,-1.0,0.0,3,0,3,1,15,45.3825,0.0,59.54625,0.0,0.0,53.23401641845703,25.83233642578125,0.0,0,0,3,1,15.000599999999997
Tue Jan 30 08:08:13 2024,24-002-04 bp,45.38065,0,59.5595,0,0,25.0,-1.0,0.0,3,0,3,1,15,45.378750000000004,0.0,59.55375,0.0,0.0,53.22364807128906,25.749969482421875,0.0,0,0,3,1,14.9638
Tue Jan 30 08:08:23 2024,24-002-04 bp,45.38065,0,59.5595,0,0,25.0,-1.0,0.0,3,0,3,1,15,45.378750000000004,0.0,59.565,0.0,0.0,53.22379684448242,25.702178955078125,0.0,0,0,3,1,14.9638
Tue Jan 30 08:08:32 2024,24-002-04 bp,45.38065,0,59.5595,0,0,25.0,-1.0,0.0,3,0,3,1,15,45.380625,0.0,59.5575,0.0,0.0,53.21432113647461,25.77618408203125,0.0,0,0,3,1,14.945000000000002
Tue Jan 30 08:09:57 2024,24-002-04 bp,45.38065,0,59.5595,0,0,25.0,-1.0,0.0,3,0,3,1,15,45.376875,0.0,59.561249999999994,0.0,0.0,53.16351318359375,25.67626953125,0.0,1,0,3,1,14.9874
Tue Jan 30 08:10:07 2024,24-002-04 bp,45.38065,0,59.5595,0,0,25.0,-1.0,0.0,3,0,3,1,15,45.380625,0.0,59.561249999999994,0.0,0.0,53.151527404785156,25.691436767578125,0.0,1,0,3,1,14.9874
Tue Jan 30 08:10:16 2024,24-002-04 bp,45.38065,0,59.5595,0,0,25.0,-1.0,0.0,3,0,3,1,15,45.376875,0.0,59.5575,0.0,0.0,53.14869689941406,25.682342529296875,0.0,1,0,3,1,15.076400000000001
Tue Jan 30 08:10:26 2024,24-002-04 bp,45.38065,0,59.5595,0,0,25.0,-1.0,0.0,3,0,3,1,15,45.378750000000004,0.0,59.55375,0.0,0.0,53.13441467285156,25.591522216796875,0.0,1,0,3,1,15.076400000000001
Tue Jan 30 08:10:35 2024,24-002-04 bp,45.38065,0,59.5595,0,0,25.0,-1.0,0.0,3,0,3,1,15,45.3825,0.0,59.565,0.0,0.0,53.13711929321289,25.61505126953125,0.0,1,0,3,1,15.003200000000001
Tue Jan 30 08:10:45 2024,24-002-04 bp,45.38065,0,59.5595,0,0,25.0,-1.0,0.0,3,0,3,1,15,45.375,0.0,59.565,0.0,0.0,53.12765121459961,25.602264404296875,0.0,1,0,3,1,15.003200000000001
Tue Jan 30 08:10:55 2024,24-002-04 bp,45.38065,0,59.5595,0,0,25.0,-1.0,0.0,3,0,3,1,15,45.3825,0.0,59.565,0.0,0.0,53.11592102050781,25.54339599609375,0.0,1,0,3,1,15.0024
Tue Jan 30 08:11:04 2024,24-002-04 bp,45.38065,0,59.5595,0,0,25.0,-1.0,0.0,3,0,3,1,15,45.3825,0.0,59.55375,0.0,0.0,53.115325927734375,25.54339599609375,0.0,1,0,3,1,15.0024
Tue Jan 30 08:11:13 2024,24-002-04 bp,45.38065,0,59.5595,0,0,25.0,-1.0,0.0,3,0,3,1,15,45.378750000000004,0.0,59.565,0.0,0.0,53.10591125488281,25.64569091796875,0.0,1,0,3,1,14.983
Tue Jan 30 08:11:23 2024,24-002-04 bp,45.38065,0,59.5595,0,0,25.0,-1.0,0.0,3,0,3,1,15,45.3825,0.0,59.561249999999994,0.0,0.0,53.104007720947266,25.6090087890625,0.0,1,0,3,1,14.983
Tue Jan 30 08:11:32 2024,24-002-04 bp,45.38065,0,59.5595,0,0,25.0,-1.0,0.0,3,0,3,1,15,45.375,0.0,59.5575,0.0,0.0,53.0928955078125,25.587158203125,0.0,1,0,3,1,14.988800000000001
Tue Jan 30 08:11:42 2024,24-002-04 bp,45.38065,0,59.5595,0,0,25.0,-1.0,0.0,3,0,3,1,15,45.375,0.0,59.5575,0.0,0.0,53.086753845214844,25.582763671875,0.0,1,0,3,1,14.988800000000001
Tue Jan 30 08:11:51 2024,24-002-04 bp,45.38065,0,59.5595,0,0,25.0,-1.0,0.0,3,0,3,1,15,45.380625,0.0,59.5575,0.0,0.0,53.080989837646484,25.587158203125,0.0,1,0,3,1,14.996
Tue Jan 30 08:12:01 2024,24-002-04 bp,45.38065,0,59.5595,0,0,25.0,-1.0,0.0,3,0,3,1,15,45.376875,0.0,59.5575,0.0,0.0,53.064231872558594,25.556884765625,0.0,1,0,3,1,14.996
Tue Jan 30 08:12:10 2024,24-002-04 bp,45.38065,0,59.5595,0,0,25.0,-1.0,0.0,3,0,3,1,15,45.3825,0.0,59.55375,0.0,0.0,53.05854797363281,25.6392822265625,0.0,1,0,3,1,15.008
Tue Jan 30 08:12:20 2024,24-002-04 bp,45.38065,0,59.5595,0,0,25.0,-1.0,0.0,3,0,3,1,15,45.375,0.0,59.5575,0.0,0.0,53.05302429199219,25.598236083984375,0.0,1,0,3,1,15.008
Tue Jan 30 08:12:29 2024,24-002-04 bp,45.38065,0,59.5595,0,0,25.0,-1.0,0.0,3,0,3,1,15,45.3825,0.0,59.55375,0.0,0.0,53.06052780151367,25.61541748046875,0.0,1,0,3,1,15.003800000000002
Tue Jan 30 08:12:39 2024,24-002-04 bp,45.38065,0,59.5595,0,0,25.0,-1.0,0.0,3,0,3,1,15,45.3825,0.0,59.565,0.0,0.0,53.03510284423828,25.61572265625,0.0,1,0,3,1,15.003800000000002
Tue Jan 30 08:12:49 2024,24-002-04 bp,45.38065,0,59.5595,0,0,25.0,-1.0,0.0,3,0,3,1,15,45.378750000000004,0.0,59.565,0.0,0.0,53.025306701660156,25.58514404296875,0.0,1,0,3,1,14.993200000000002
Tue Jan 30 08:12:59 2024,24-002-04 bp,45.38065,0,59.5595,0,0,25.0,-1.0,0.0,3,0,3,1,15,45.378750000000004,0.0,59.561249999999994,0.0,0.0,53.02650833129883,25.6090087890625,0.0,1,0,3,1,14.993200000000002
Tue Jan 30 08:13:08 2024,24-002-04 bp,45.38065,0,59.5595,0,0,25.0,-1.0,0.0,3,0,3,1,15,45.354375,0.0,59.561249999999994,0.0,0.0,53.01473617553711,25.5565185546875,0.0,1,0,3,1,15.000400000000003
Tue Jan 30 08:13:18 2024,24-002-04 bp,45.38065,0,59.5595,0,0,25.0,-1.0,0.0,3,0,3,1,15,45.3825,0.0,59.55375,0.0,0.0,53.01087188720703,25.50640869140625,0.0,1,0,3,1,15.000400000000003
Tue Jan 30 08:13:27 2024,24-002-04 bp,45.38065,0,59.5595,0,0,25.0,-1.0,0.0,3,0,3,1,15,45.380625,0.0,59.5575,0.0,0.0,52.99143600463867,25.5760498046875,0.0,1,0,3,1,14.993200000000002
Tue Jan 30 08:13:37 2024,24-002-04 bp,45.38065,0,59.5595,0,0,25.0,-1.0,0.0,3,0,3,1,15,45.378750000000004,0.0,59.55375,0.0,0.0,52.97649383544922,25.46771240234375,0.0,1,0,3,1,14.993200000000002
Tue Jan 30 08:13:46 2024,24-002-04 bp,45.38065,0,59.5595,0,0,25.0,-1.0,0.0,3,0,3,1,15,45.363749999999996,0.0,59.5575,0.0,0.0,52.967445373535156,25.52423095703125,0.0,1,0,3,1,15.007
Tue Jan 30 08:13:56 2024,24-002-04 bp,45.38065,0,59.5595,0,0,25.0,-1.0,0.0,3,0,3,1,15,45.380625,0.0,59.5575,0.0,0.0,52.95782470703125,25.548126220703125,0.0,1,0,3,1,15.007
Tue Jan 30 08:14:05 2024,24-002-04 bp,45.38065,0,59.5595,0,0,25.0,-1.0,0.0,3,0,3,1,15,45.373125,0.0,59.561249999999994,0.0,0.0,52.95485305786133,25.524566650390625,0.0,1,0,3,1,14.9956
Tue Jan 30 08:15:30 2024,24-002-04 bp,45.38065,0,59.5595,0,0,25.0,-1.0,0.0,3,0,3,1,15,45.380625,0.0,59.5575,0.0,0.0,52.879730224609375,25.535003662109375,0.0,2,0,3,1,14.996199999999998
Tue Jan 30 08:15:40 2024,24-002-04 bp,45.38065,0,59.5595,0,0,25.0,-1.0,0.0,3,0,3,1,15,45.375,0.0,59.5575,0.0,0.0,52.87443542480469,25.46331787109375,0.0,2,0,3,1,14.996199999999998
Tue Jan 30 08:15:49 2024,24-002-04 bp,45.38065,0,59.5595,0,0,25.0,-1.0,0.0,3,0,3,1,15,45.380625,0.0,59.561249999999994,0.0,0.0,52.86930465698242,25.4700927734375,0.0,2,0,3,1,15.000400000000003
Tue Jan 30 08:15:59 2024,24-002-04 bp,45.38065,0,59.5595,0,0,25.0,-1.0,0.0,3,0,3,1,15,45.375,0.0,59.55375,0.0,0.0,52.86829376220703,25.439788818359375,0.0,2,0,3,1,15.000400000000003
Tue Jan 30 08:16:08 2024,24-002-04 bp,45.38065,0,59.5595,0,0,25.0,-1.0,0.0,3,0,3,1,15,45.380625,0.0,59.565,0.0,0.0,52.86053466796875,25.454925537109375,0.0,2,0,3,1,14.9994
Tue Jan 30 08:16:18 2024,24-002-04 bp,45.38065,0,59.5595,0,0,25.0,-1.0,0.0,3,0,3,1,15,45.3825,0.0,59.561249999999994,0.0,0.0,52.85736083984375,25.452911376953125,0.0,2,0,3,1,14.9994
Tue Jan 30 08:16:27 2024,24-002-04 bp,45.38065,0,59.5595,0,0,25.0,-1.0,0.0,3,0,3,1,15,45.38625,0.0,59.5725,0.0,0.0,52.854549407958984,25.422271728515625,0.0,2,0,3,1,14.9984
Tue Jan 30 08:16:37 2024,24-002-04 bp,45.38065,0,59.5595,0,0,25.0,-1.0,0.0,3,0,3,1,15,45.378750000000004,0.0,59.565,0.0,0.0,52.85450744628906,25.398406982421875,0.0,2,0,3,1,14.9984
Tue Jan 30 08:16:46 2024,24-002-04 bp,45.38065,0,59.5595,0,0,25.0,-1.0,0.0,3,0,3,1,15,45.3825,0.0,59.561249999999994,0.0,0.0,52.848567962646484,25.3331298828125,0.0,2,0,3,1,14.9892
Tue Jan 30 08:16:56 2024,24-002-04 bp,45.38065,0,59.5595,0,0,25.0,-1.0,0.0,3,0,3,1,15,45.375,0.0,59.5575,0.0,0.0,52.847496032714844,25.443817138671875,0.0,2,0,3,1,14.9892
Tue Jan 30 08:17:05 2024,24-002-04 bp,45.38065,0,59.5595,0,0,25.0,-1.0,0.0,3,0,3,1,15,45.380625,0.0,59.5575,0.0,0.0,52.84485626220703,25.37652587890625,0.0,2,0,3,1,14.999600000000001
Tue Jan 30 08:17:15 2024,24-002-04 bp,45.38065,0,59.5595,0,0,25.0,-1.0,0.0,3,0,3,1,15,45.378750000000004,0.0,59.55375,0.0,0.0,52.84649658203125,25.408843994140625,0.0,2,0,3,1,14.999600000000001
Tue Jan 30 08:17:24 2024,24-002-04 bp,45.38065,0,59.5595,0,0,25.0,-1.0,0.0,3,0,3,1,15,45.376875,0.0,59.5575,0.0,0.0,52.84564971923828,25.421966552734375,0.0,2,0,3,1,15.026599999999998
Tue Jan 30 08:17:34 2024,24-002-04 bp,45.38065,0,59.5595,0,0,25.0,-1.0,0.0,3,0,3,1,15,45.36,0.0,59.561249999999994,0.0,0.0,52.82720947265625,25.41790771484375,0.0,2,0,3,1,15.026599999999998
Tue Jan 30 08:17:43 2024,24-002-04 bp,45.38065,0,59.5595,0,0,25.0,-1.0,0.0,3,0,3,1,15,45.376875,0.0,59.565,0.0,0.0,52.82975769042969,25.365753173828125,0.0,2,0,3,1,14.994
Tue Jan 30 08:17:53 2024,24-002-04 bp,45.38065,0,59.5595,0,0,25.0,-1.0,0.0,3,0,3,1,15,45.3825,0.0,59.5575,0.0,0.0,52.82133483886719,25.35498046875,0.0,2,0,3,1,14.994
Tue Jan 30 08:18:02 2024,24-002-04 bp,45.38065,0,59.5595,0,0,25.0,-1.0,0.0,3,0,3,1,15,45.384375,0.0,59.561249999999994,0.0,0.0,52.82476806640625,25.3526611328125,0.0,2,0,3,1,15.001
Tue Jan 30 08:18:12 2024,24-002-04 bp,45.38065,0,59.5595,0,0,25.0,-1.0,0.0,3,0,3,1,15,45.378750000000004,0.0,59.55375,0.0,0.0,52.81787109375,25.181060791015625,0.0,2,0,3,1,15.001
Tue Jan 30 08:18:22 2024,24-002-04 bp,45.38065,0,59.5595,0,0,25.0,-1.0,0.0,3,0,3,1,15,45.380625,0.0,59.55375,0.0,0.0,52.81402587890625,25.3287353515625,0.0,2,0,3,1,15.018800000000002
Tue Jan 30 08:18:32 2024,24-002-04 bp,45.38065,0,59.5595,0,0,25.0,-1.0,0.0,3,0,3,1,15,45.380625,0.0,59.5575,0.0,0.0,52.811317443847656,25.350616455078125,0.0,2,0,3,1,15.018800000000002
Tue Jan 30 08:18:41 2024,24-002-04 bp,45.38065,0,59.5595,0,0,25.0,-1.0,0.0,3,0,3,1,15,45.378750000000004,0.0,59.561249999999994,0.0,0.0,52.79752731323242,25.2156982421875,0.0,2,0,3,1,15.021
Tue Jan 30 08:18:51 2024,24-002-04 bp,45.38065,0,59.5595,0,0,25.0,-1.0,0.0,3,0,3,1,15,45.384375,0.0,59.561249999999994,0.0,0.0,52.79600524902344,25.322357177734375,0.0,2,0,3,1,15.021
Tue Jan 30 08:19:00 2024,24-002-04 bp,45.38065,0,59.5595,0,0,25.0,-1.0,0.0,3,0,3,1,15,45.3825,0.0,59.56875,0.0,0.0,52.80458068847656,25.24664306640625,0.0,2,0,3,1,14.9756
Tue Jan 30 08:19:10 2024,24-002-04 bp,45.38065,0,59.5595,0,0,25.0,-1.0,0.0,3,0,3,1,15,45.3825,0.0,59.5575,0.0,0.0,52.795806884765625,25.33111572265625,0.0,2,0,3,1,14.9756
Tue Jan 30 08:19:19 2024,24-002-04 bp,45.38065,0,59.5595,0,0,25.0,-1.0,0.0,3,0,3,1,15,45.378750000000004,0.0,59.5575,0.0,0.0,52.78910827636719,25.27459716796875,0.0,2,0,3,1,14.9956
Tue Jan 30 08:19:29 2024,24-002-04 bp,45.38065,0,59.5595,0,0,25.0,-1.0,0.0,3,0,3,1,15,45.375,0.0,59.5575,0.0,0.0,52.795249938964844,25.366119384765625,0.0,2,0,3,1,14.9956
Tue Jan 30 08:19:38 2024,24-002-04 bp,45.38065,0,59.5595,0,0,25.0,-1.0,0.0,3,0,3,1,15,45.380625,0.0,59.550000000000004,0.0,0.0,52.77550506591797,25.409881591796875,0.0,2,0,3,1,14.9982
Tue Jan 30 08:21:03 2024,24-002-04 bp,45.38065,0,59.5595,0,0,25.0,-1.0,0.0,3,0,3,1,15,45.378750000000004,0.0,59.561249999999994,0.0,0.0,52.73159408569336,25.28131103515625,0.0,3,0,3,1,14.988600000000002
Tue Jan 30 08:21:11 2024,24-002-04 bp,45.38065,0,59.5595,0,0,25.0,-1.0,0.0,3,0,3,1,15,45.376875,0.0,59.5575,0.0,0.0,52.733001708984375,25.188079833984375,0.0,3,0,3,1,14.988600000000002
Tue Jan 30 08:21:18 2024,24-002-04 bp,45.38065,0,59.5595,0,0,25.0,-1.0,0.0,3,0,3,1,15,45.380625,0.0,59.5575,0.0,0.0,52.725379943847656,25.237884521484375,0.0,3,0,3,1,14.9472
Tue Jan 30 08:21:26 2024,24-002-04 bp,45.38065,0,59.5595,0,0,25.0,-1.0,0.0,3,0,3,1,15,45.376875,0.0,59.561249999999994,0.0,0.0,52.7264518737793,25.216400146484375,0.0,3,0,3,1,14.9472
Tue Jan 30 08:21:33 2024,24-002-04 bp,45.38065,0,59.5595,0,0,25.0,-1.0,0.0,3,0,3,1,15,45.380625,0.0,59.55375,0.0,0.0,52.72590637207031,25.2601318359375,0.0,3,0,3,1,14.973400000000002
Tue Jan 30 08:21:41 2024,24-002-04 bp,45.38065,0,59.5595,0,0,25.0,-1.0,0.0,3,0,3,1,15,45.380625,0.0,59.5575,0.0,0.0,52.7062873840332,25.253387451171875,0.0,3,0,3,1,14.973400000000002
Tue Jan 30 08:21:48 2024,24-002-04 bp,45.38065,0,59.5595,0,0,25.0,-1.0,0.0,3,0,3,1,15,45.378750000000004,0.0,59.561249999999994,0.0,0.0,52.7091064453125,25.175323486328125,0.0,3,0,3,1,14.9802
Tue Jan 30 08:21:56 2024,24-002-04 bp,45.38065,0,59.5595,0,0,25.0,-1.0,0.0,3,0,3,1,15,45.378750000000004,0.0,59.561249999999994,0.0,0.0,52.70616149902344,25.24261474609375,0.0,3,0,3,1,14.9802
Tue Jan 30 08:22:03 2024,24-002-04 bp,45.38065,0,59.5595,0,0,25.0,-1.0,0.0,3,0,3,1,15,45.380625,0.0,59.565,0.0,0.0,52.70530700683594,25.272918701171875,0.0,3,0,3,1,15.008399999999998
Tue Jan 30 08:22:18 2024,24-002-04 bp,45.38065,0,59.5595,0,0,25.0,-1.0,0.0,3,0,3,2,15,45.375,0.0,59.561249999999994,0.0,0.0,52.69561004638672,25.212005615234375,0.0,0,0,3,2,14.9816
Tue Jan 30 08:22:28 2024,24-002-04 bp,45.38065,0,59.5595,0,0,25.0,-1.0,0.0,3,0,3,2,15,45.380625,0.0,59.56875,0.0,0.0,52.68656921386719,25.131561279296875,0.0,0,0,3,2,14.9816
Tue Jan 30 08:22:37 2024,24-002-04 bp,45.38065,0,59.5595,0,0,25.0,-1.0,0.0,3,0,3,2,15,45.3825,0.0,59.55375,0.0,0.0,52.68107604980469,25.214019775390625,0.0,0,0,3,2,15.015600000000001
Tue Jan 30 08:22:47 2024,24-002-04 bp,45.38065,0,59.5595,0,0,25.0,-1.0,0.0,3,0,3,2,15,45.380625,0.0,59.56875,0.0,0.0,52.6818733215332,25.06591796875,0.0,0,0,3,2,15.015600000000001
Tue Jan 30 08:22:57 2024,24-002-04 bp,45.38065,0,59.5595,0,0,25.0,-1.0,0.0,3,0,3,2,15,45.378750000000004,0.0,59.55375,0.0,0.0,52.67924499511719,25.229156494140625,0.0,0,0,3,2,15.023
Tue Jan 30 08:23:06 2024,24-002-04 bp,45.38065,0,59.5595,0,0,25.0,-1.0,0.0,3,0,3,2,15,45.3825,0.0,59.56875,0.0,0.0,52.666114807128906,25.161834716796875,0.0,0,0,3,2,15.023
Tue Jan 30 08:23:16 2024,24-002-04 bp,45.38065,0,59.5595,0,0,25.0,-1.0,0.0,3,0,3,2,15,45.3825,0.0,59.5575,0.0,0.0,52.66329574584961,25.1837158203125,0.0,0,0,3,2,14.989799999999999
Tue Jan 30 08:23:25 2024,24-002-04 bp,45.38065,0,59.5595,0,0,25.0,-1.0,0.0,3,0,3,2,15,45.380625,0.0,59.550000000000004,0.0,0.0,52.652164459228516,25.202911376953125,0.0,0,0,3,2,14.989799999999999
Tue Jan 30 08:23:35 2024,24-002-04 bp,45.38065,0,59.5595,0,0,25.0,-1.0,0.0,3,0,3,2,15,45.378750000000004,0.0,59.561249999999994,0.0,0.0,52.655311584472656,25.2032470703125,0.0,0,0,3,2,14.978199999999998
Tue Jan 30 08:23:44 2024,24-002-04 bp,45.38065,0,59.5595,0,0,25.0,-1.0,0.0,3,0,3,2,15,45.380625,0.0,59.561249999999994,0.0,0.0,52.650726318359375,25.118804931640625,0.0,0,0,3,2,14.978199999999998
Tue Jan 30 08:23:54 2024,24-002-04 bp,45.38065,0,59.5595,0,0,25.0,-1.0,0.0,3,0,3,2,15,45.376875,0.0,59.5575,0.0,0.0,52.64064025878906,25.131561279296875,0.0,0,0,3,2,14.999
Tue Jan 30 08:24:03 2024,24-002-04 bp,45.38065,0,59.5595,0,0,25.0,-1.0,0.0,3,0,3,2,15,45.375,0.0,59.565,0.0,0.0,52.638084411621094,25.10125732421875,0.0,0,0,3,2,14.999
Tue Jan 30 08:24:13 2024,24-002-04 bp,45.38065,0,59.5595,0,0,25.0,-1.0,0.0,3,0,3,2,15,45.384375,0.0,59.55375,0.0,0.0,52.62926483154297,25.03192138671875,0.0,0,0,3,2,14.981800000000002
Tue Jan 30 08:24:22 2024,24-002-04 bp,45.38065,0,59.5595,0,0,25.0,-1.0,0.0,3,0,3,2,15,45.380625,0.0,59.55375,0.0,0.0,52.619178771972656,25.20562744140625,0.0,0,0,3,2,14.981800000000002
Tue Jan 30 08:24:31 2024,24-002-04 bp,45.38065,0,59.5595,0,0,25.0,-1.0,0.0,3,0,3,2,15,45.380625,0.0,59.561249999999994,0.0,0.0,52.6261100769043,25.1295166015625,0.0,0,0,3,2,14.9954
Tue Jan 30 08:24:41 2024,24-002-04 bp,45.38065,0,59.5595,0,0,25.0,-1.0,0.0,3,0,3,2,15,45.3825,0.0,59.5575,0.0,0.0,52.61316680908203,25.2032470703125,0.0,0,0,3,2,14.9954
Tue Jan 30 08:24:50 2024,24-002-04 bp,45.38065,0,59.5595,0,0,25.0,-1.0,0.0,3,0,3,2,15,45.380625,0.0,59.5575,0.0,0.0,52.60945129394531,25.10565185546875,0.0,0,0,3,2,14.986199999999997
Tue Jan 30 08:25:00 2024,24-002-04 bp,45.38065,0,59.5595,0,0,25.0,-1.0,0.0,3,0,3,2,15,45.378750000000004,0.0,59.54625,0.0,0.0,52.60308837890625,25.096893310546875,0.0,0,0,3,2,14.986199999999997
Tue Jan 30 08:25:09 2024,24-002-04 bp,45.38065,0,59.5595,0,0,25.0,-1.0,0.0,3,0,3,2,15,45.380625,0.0,59.56875,0.0,0.0,52.59389114379883,25.00299072265625,0.0,0,0,3,2,14.9832
Tue Jan 30 08:26:35 2024,24-002-04 bp,45.38065,0,59.5595,0,0,25.0,-1.0,0.0,3,0,3,2,15,45.378750000000004,0.0,59.565,0.0,0.0,52.54936981201172,25.1080322265625,0.0,1,0,3,2,14.992799999999999
Tue Jan 30 08:26:44 2024,24-002-04 bp,45.38065,0,59.5595,0,0,25.0,-1.0,0.0,3,0,3,2,15,45.378750000000004,0.0,59.561249999999994,0.0,0.0,52.54803466796875,25.11676025390625,0.0,1,0,3,2,14.992799999999999
Tue Jan 30 08:26:53 2024,24-002-04 bp,45.38065,0,59.5595,0,0,25.0,-1.0,0.0,3,0,3,2,15,45.3825,0.0,59.561249999999994,0.0,0.0,52.540802001953125,25.101593017578125,0.0,1,0,3,2,14.994200000000001
Tue Jan 30 08:27:03 2024,24-002-04 bp,45.38065,0,59.5595,0,0,25.0,-1.0,0.0,3,0,3,2,15,45.369375,0.0,59.56875,0.0,0.0,52.537261962890625,25.1080322265625,0.0,1,0,3,2,14.994200000000001
Tue Jan 30 08:27:13 2024,24-002-04 bp,45.38065,0,59.5595,0,0,25.0,-1.0,0.0,3,0,3,2,15,45.3825,0.0,59.561249999999994,0.0,0.0,52.53160858154297,25.1080322265625,0.0,1,0,3,2,14.987199999999998
Tue Jan 30 08:27:22 2024,24-002-04 bp,45.38065,0,59.5595,0,0,25.0,-1.0,0.0,3,0,3,2,15,45.376875,0.0,59.565,0.0,0.0,52.53010177612305,25.027923583984375,0.0,1,0,3,2,14.987199999999998
Tue Jan 30 08:27:32 2024,24-002-04 bp,45.38065,0,59.5595,0,0,25.0,-1.0,0.0,3,0,3,2,15,45.376875,0.0,59.550000000000004,0.0,0.0,52.52529525756836,25.02117919921875,0.0,1,0,3,2,14.971
Tue Jan 30 08:27:42 2024,24-002-04 bp,45.38065,0,59.5595,0,0,25.0,-1.0,0.0,3,0,3,2,15,45.380625,0.0,59.5575,0.0,0.0,52.518463134765625,25.03228759765625,0.0,1,0,3,2,14.971
Tue Jan 30 08:27:51 2024,24-002-04 bp,45.38065,0,59.5595,0,0,25.0,-1.0,0.0,3,0,3,2,15,45.378750000000004,0.0,59.56875,0.0,0.0,52.51231384277344,25.05145263671875,0.0,1,0,3,2,14.991399999999999
Tue Jan 30 08:28:01 2024,24-002-04 bp,45.38065,0,59.5595,0,0,25.0,-1.0,0.0,3,0,3,2,15,45.380625,0.0,59.55375,0.0,0.0,52.50788879394531,24.99761962890625,0.0,1,0,3,2,14.991399999999999
Tue Jan 30 08:28:10 2024,24-002-04 bp,45.38065,0,59.5595,0,0,25.0,-1.0,0.0,3,0,3,2,15,45.365625,0.0,59.561249999999994,0.0,0.0,52.492408752441406,24.98651123046875,0.0,1,0,3,2,15.0238
Tue Jan 30 08:28:20 2024,24-002-04 bp,45.38065,0,59.5595,0,0,25.0,-1.0,0.0,3,0,3,2,15,45.376875,0.0,59.561249999999994,0.0,0.0,52.48931884765625,25.027923583984375,0.0,1,0,3,2,15.0238
Tue Jan 30 08:28:29 2024,24-002-04 bp,45.38065,0,59.5595,0,0,25.0,-1.0,0.0,3,0,3,2,15,45.378750000000004,0.0,59.565,0.0,0.0,52.485023498535156,25.090484619140625,0.0,1,0,3,2,15.0048
Tue Jan 30 08:28:39 2024,24-002-04 bp,45.38065,0,59.5595,0,0,25.0,-1.0,0.0,3,0,3,2,15,45.380625,0.0,59.550000000000004,0.0,0.0,52.48286437988281,24.929962158203125,0.0,1,0,3,2,15.0048
Tue Jan 30 08:28:48 2024,24-002-04 bp,45.38065,0,59.5595,0,0,25.0,-1.0,0.0,3,0,3,2,15,45.376875,0.0,59.5575,0.0,0.0,52.47578811645508,25.008056640625,0.0,1,0,3,2,15.0006
Tue Jan 30 08:28:58 2024,24-002-04 bp,45.38065,0,59.5595,0,0,25.0,-1.0,0.0,3,0,3,2,15,45.380625,0.0,59.5575,0.0,0.0,52.471099853515625,24.982147216796875,0.0,1,0,3,2,15.0006
Tue Jan 30 08:29:07 2024,24-002-04 bp,45.38065,0,59.5595,0,0,25.0,-1.0,0.0,3,0,3,2,15,45.378750000000004,0.0,59.5575,0.0,0.0,52.46046447753906,25.0191650390625,0.0,1,0,3,2,14.945000000000002
Tue Jan 30 08:29:17 2024,24-002-04 bp,45.38065,0,59.5595,0,0,25.0,-1.0,0.0,3,0,3,2,15,45.376875,0.0,59.5725,0.0,0.0,52.45777893066406,24.97137451171875,0.0,1,0,3,2,14.945000000000002
Tue Jan 30 08:29:26 2024,24-002-04 bp,45.38065,0,59.5595,0,0,25.0,-1.0,0.0,3,0,3,2,15,45.380625,0.0,59.5575,0.0,0.0,52.45311737060547,25.01275634765625,0.0,1,0,3,2,15.000800000000002
Tue Jan 30 08:29:36 2024,24-002-04 bp,45.38065,0,59.5595,0,0,25.0,-1.0,0.0,3,0,3,2,15,45.378750000000004,0.0,59.55375,0.0,0.0,52.447696685791016,25.0147705078125,0.0,1,0,3,2,15.000800000000002
Tue Jan 30 08:29:45 2024,24-002-04 bp,45.38065,0,59.5595,0,0,25.0,-1.0,0.0,3,0,3,2,15,45.380625,0.0,59.5575,0.0,0.0,52.44518280029297,24.903717041015625,0.0,1,0,3,2,15.0066
Tue Jan 30 08:29:55 2024,24-002-04 bp,45.38065,0,59.5595,0,0,25.0,-1.0,0.0,3,0,3,2,15,45.3825,0.0,59.5575,0.0,0.0,52.43907165527344,24.9578857421875,0.0,1,0,3,2,15.0066
Tue Jan 30 08:30:04 2024,24-002-04 bp,45.38065,0,59.5595,0,0,25.0,-1.0,0.0,3,0,3,2,15,45.376875,0.0,59.5575,0.0,0.0,52.430931091308594,24.971038818359375,0.0,1,0,3,2,14.991
Tue Jan 30 08:30:14 2024,24-002-04 bp,45.38065,0,59.5595,0,0,25.0,-1.0,0.0,3,0,3,2,15,45.380625,0.0,59.56875,0.0,0.0,52.42945861816406,24.960601806640625,0.0,1,0,3,2,14.991
Tue Jan 30 08:30:23 2024,24-002-04 bp,45.38065,0,59.5595,0,0,25.0,-1.0,0.0,3,0,3,2,15,45.3825,0.0,59.55375,0.0,0.0,52.42280578613281,24.9454345703125,0.0,1,0,3,2,14.9954
Tue Jan 30 08:30:33 2024,24-002-04 bp,45.38065,0,59.5595,0,0,25.0,-1.0,0.0,3,0,3,2,15,45.3825,0.0,59.5575,0.0,0.0,52.41722106933594,24.915130615234375,0.0,1,0,3,2,14.9954
Tue Jan 30 08:30:42 2024,24-002-04 bp,45.38065,0,59.5595,0,0,25.0,-1.0,0.0,3,0,3,2,15,45.380625,0.0,59.565,0.0,0.0,52.415435791015625,24.936676025390625,0.0,1,0,3,2,14.9994
Tue Jan 30 08:32:07 2024,24-002-04 bp,45.38065,0,59.5595,0,0,25.0,-1.0,0.0,3,0,3,2,15,45.378750000000004,0.0,59.565,0.0,0.0,52.367801666259766,24.916473388671875,0.0,2,0,3,2,15.011199999999999
Tue Jan 30 08:32:17 2024,24-002-04 bp,45.38065,0,59.5595,0,0,25.0,-1.0,0.0,3,0,3,2,15,45.378750000000004,0.0,59.565,0.0,0.0,52.36053466796875,24.860260009765625,0.0,2,0,3,2,15.011199999999999
Tue Jan 30 08:32:26 2024,24-002-04 bp,45.38065,0,59.5595,0,0,25.0,-1.0,0.0,3,0,3,2,15,45.378750000000004,0.0,59.55375,0.0,0.0,52.36282730102539,24.903717041015625,0.0,2,0,3,2,14.989600000000001
Tue Jan 30 08:32:35 2024,24-002-04 bp,45.38065,0,59.5595,0,0,25.0,-1.0,0.0,3,0,3,2,15,45.380625,0.0,59.5575,0.0,0.0,52.35597229003906,24.97137451171875,0.0,2,0,3,2,14.989600000000001
Tue Jan 30 08:32:45 2024,24-002-04 bp,45.38065,0,59.5595,0,0,25.0,-1.0,0.0,3,0,3,2,15,45.380625,0.0,59.55375,0.0,0.0,52.352012634277344,24.873748779296875,0.0,2,0,3,2,15.005599999999998
Tue Jan 30 08:32:54 2024,24-002-04 bp,45.38065,0,59.5595,0,0,25.0,-1.0,0.0,3,0,3,2,15,45.3825,0.0,59.561249999999994,0.0,0.0,52.34869384765625,24.921905517578125,0.0,2,0,3,2,15.005599999999998
Tue Jan 30 08:33:04 2024,24-002-04 bp,45.38065,0,59.5595,0,0,25.0,-1.0,0.0,3,0,3,2,15,45.3825,0.0,59.550000000000004,0.0,0.0,52.338340759277344,24.85894775390625,0.0,2,0,3,2,14.997800000000002
Tue Jan 30 08:33:13 2024,24-002-04 bp,45.38065,0,59.5595,0,0,25.0,-1.0,0.0,3,0,3,2,15,45.380625,0.0,59.55375,0.0,0.0,52.33599090576172,24.8414306640625,0.0,2,0,3,2,14.997800000000002
Tue Jan 30 08:33:23 2024,24-002-04 bp,45.38065,0,59.5595,0,0,25.0,-1.0,0.0,3,0,3,2,15,45.3825,0.0,59.5575,0.0,0.0,52.32733154296875,24.899658203125,0.0,2,0,3,2,14.996799999999999
Tue Jan 30 08:33:32 2024,24-002-04 bp,45.38065,0,59.5595,0,0,25.0,-1.0,0.0,3,0,3,2,15,45.3825,0.0,59.5575,0.0,0.0,52.321678161621094,24.799346923828125,0.0,2,0,3,2,14.996799999999999
Tue Jan 30 08:33:42 2024,24-002-04 bp,45.38065,0,59.5595,0,0,25.0,-1.0,0.0,3,0,3,2,15,45.380625,0.0,59.5575,0.0,0.0,52.32209014892578,24.75592041015625,0.0,2,0,3,2,14.990799999999998
Tue Jan 30 08:33:51 2024,24-002-04 bp,45.38065,0,59.5595,0,0,25.0,-1.0,0.0,3,0,3,2,15,45.38625,0.0,59.550000000000004,0.0,0.0,52.31537628173828,24.73876953125,0.0,2,0,3,2,14.990799999999998
Tue Jan 30 08:34:01 2024,24-002-04 bp,45.38065,0,59.5595,0,0,25.0,-1.0,0.0,3,0,3,2,15,45.384375,0.0,59.54625,0.0,0.0,52.30769348144531,24.810791015625,0.0,2,0,3,2,15.005799999999999
Tue Jan 30 08:34:10 2024,24-002-04 bp,45.38065,0,59.5595,0,0,25.0,-1.0,0.0,3,0,3,2,15,45.380625,0.0,59.561249999999994,0.0,0.0,52.30561828613281,24.837066650390625,0.0,2,0,3,2,15.005799999999999
Tue Jan 30 08:34:20 2024,24-002-04 bp,45.38065,0,59.5595,0,0,25.0,-1.0,0.0,3,0,3,2,15,45.378750000000004,0.0,59.5575,0.0,0.0,52.301963806152344,24.806427001953125,0.0,2,0,3,2,14.987799999999998
Tue Jan 30 08:34:29 2024,24-002-04 bp,45.38065,0,59.5595,0,0,25.0,-1.0,0.0,3,0,3,2,15,45.376875,0.0,59.561249999999994,0.0,0.0,52.29804611206055,24.87139892578125,0.0,2,0,3,2,14.987799999999998
Tue Jan 30 08:34:39 2024,24-002-04 bp,45.38065,0,59.5595,0,0,25.0,-1.0,0.0,3,0,3,2,15,45.380625,0.0,59.55375,0.0,0.0,52.291038513183594,24.788909912109375,0.0,2,0,3,2,14.995600000000001
Tue Jan 30 08:34:48 2024,24-002-04 bp,45.38065,0,59.5595,0,0,25.0,-1.0,0.0,3,0,3,2,15,45.378750000000004,0.0,59.561249999999994,0.0,0.0,52.28227996826172,24.808441162109375,0.0,2,0,3,2,14.995600000000001
Tue Jan 30 08:34:58 2024,24-002-04 bp,45.38065,0,59.5595,0,0,25.0,-1.0,0.0,3,0,3,2,15,45.380625,0.0,59.55375,0.0,0.0,52.27934265136719,24.823944091796875,0.0,2,0,3,2,15.001399999999999
Tue Jan 30 08:35:07 2024,24-002-04 bp,45.38065,0,59.5595,0,0,25.0,-1.0,0.0,3,0,3,2,15,45.380625,0.0,59.55375,0.0,0.0,52.278297424316406,24.800018310546875,0.0,2,0,3,2,15.001399999999999
Tue Jan 30 08:35:17 2024,24-002-04 bp,45.38065,0,59.5595,0,0,25.0,-1.0,0.0,3,0,3,2,15,45.380625,0.0,59.55375,0.0,0.0,52.26746368408203,24.786895751953125,0.0,2,0,3,2,14.9922
Tue Jan 30 08:35:26 2024,24-002-04 bp,45.38065,0,59.5595,0,0,25.0,-1.0,0.0,3,0,3,2,15,45.380625,0.0,59.565,0.0,0.0,52.267906188964844,24.68524169921875,0.0,2,0,3,2,14.9922
Tue Jan 30 08:35:36 2024,24-002-04 bp,45.38065,0,59.5595,0,0,25.0,-1.0,0.0,3,0,3,2,15,45.3825,0.0,59.55375,0.0,0.0,52.25973129272461,24.763336181640625,0.0,2,0,3,2,14.9836
Tue Jan 30 08:35:45 2024,24-002-04 bp,45.38065,0,59.5595,0,0,25.0,-1.0,0.0,3,0,3,2,15,45.375,0.0,59.5575,0.0,0.0,52.24761199951172,24.854248046875,0.0,2,0,3,2,14.9836
Tue Jan 30 08:35:54 2024,24-002-04 bp,45.38065,0,59.5595,0,0,25.0,-1.0,0.0,3,0,3,2,15,45.378750000000004,0.0,59.565,0.0,0.0,52.253929138183594,24.724273681640625,0.0,2,0,3,2,14.987800000000002
Tue Jan 30 08:36:04 2024,24-002-04 bp,45.38065,0,59.5595,0,0,25.0,-1.0,0.0,3,0,3,2,15,45.384375,0.0,59.565,0.0,0.0,52.24097442626953,24.739776611328125,0.0,2,0,3,2,14.987800000000002
Tue Jan 30 08:36:13 2024,24-002-04 bp,45.38065,0,59.5595,0,0,25.0,-1.0,0.0,3,0,3,2,15,45.376875,0.0,59.55375,0.0,0.0,52.246620178222656,24.78961181640625,0.0,2,0,3,2,14.9742
Tue Jan 30 08:37:38 2024,24-002-04 bp,45.38065,0,59.5595,0,0,25.0,-1.0,0.0,3,0,3,2,15,45.384375,0.0,59.5575,0.0,0.0,52.201690673828125,24.62799072265625,0.0,3,0,3,2,14.9958
Tue Jan 30 08:37:46 2024,24-002-04 bp,45.38065,0,59.5595,0,0,25.0,-1.0,0.0,3,0,3,2,15,45.3825,0.0,59.5575,0.0,0.0,52.197265625,24.663330078125,0.0,3,0,3,2,14.9958
Tue Jan 30 08:37:53 2024,24-002-04 bp,45.38065,0,59.5595,0,0,25.0,-1.0,0.0,3,0,3,2,15,45.3825,0.0,59.56875,0.0,0.0,52.19683837890625,24.6680908203125,0.0,3,0,3,2,15.0012
Tue Jan 30 08:38:01 2024,24-002-04 bp,45.38065,0,59.5595,0,0,25.0,-1.0,0.0,3,0,3,2,15,45.376875,0.0,59.561249999999994,0.0,0.0,52.192100524902344,24.709136962890625,0.0,3,0,3,2,15.0012
Tue Jan 30 08:38:08 2024,24-002-04 bp,45.38065,0,59.5595,0,0,25.0,-1.0,0.0,3,0,3,2,15,45.3825,0.0,59.55375,0.0,0.0,52.18124008178711,24.756927490234375,0.0,3,0,3,2,14.9984
Tue Jan 30 08:38:16 2024,24-002-04 bp,45.38065,0,59.5595,0,0,25.0,-1.0,0.0,3,0,3,2,15,45.384375,0.0,59.550000000000004,0.0,0.0,52.18218231201172,24.8134765625,0.0,3,0,3,2,14.9984
Tue Jan 30 08:38:23 2024,24-002-04 bp,45.38065,0,59.5595,0,0,25.0,-1.0,0.0,3,0,3,2,15,45.378750000000004,0.0,59.5575,0.0,0.0,52.17918395996094,24.75726318359375,0.0,3,0,3,2,14.9926
Tue Jan 30 08:38:31 2024,24-002-04 bp,45.38065,0,59.5595,0,0,25.0,-1.0,0.0,3,0,3,2,15,45.384375,0.0,59.5575,0.0,0.0,52.172645568847656,24.645843505859375,0.0,3,0,3,2,14.9926
Tue Jan 30 08:38:38 2024,24-002-04 bp,45.38065,0,59.5595,0,0,25.0,-1.0,0.0,3,0,3,2,15,45.380625,0.0,59.55375,0.0,0.0,52.16979217529297,24.680511474609375,0.0,3,0,3,2,15.009799999999998
Tue Jan 30 08:38:53 2024,24-002-04 bp,45.38065,0,59.5595,0,0,25.0,-1.0,0.0,3,0,3,3,15,45.3825,0.0,59.550000000000004,0.0,0.0,52.16090393066406,24.724639892578125,0.0,0,0,3,3,14.991
Tue Jan 30 08:39:03 2024,24-002-04 bp,45.38065,0,59.5595,0,0,25.0,-1.0,0.0,3,0,3,3,15,45.3825,0.0,59.5575,0.0,0.0,52.15827178955078,24.60980224609375,0.0,0,0,3,3,14.991
Tue Jan 30 08:39:12 2024,24-002-04 bp,45.38065,0,59.5595,0,0,25.0,-1.0,0.0,3,0,3,3,15,45.376875,0.0,59.561249999999994,0.0,0.0,52.15533447265625,24.766021728515625,0.0,0,0,3,3,14.9966
Tue Jan 30 08:39:22 2024,24-002-04 bp,45.38065,0,59.5595,0,0,25.0,-1.0,0.0,3,0,3,3,15,45.376875,0.0,59.5575,0.0,0.0,52.14336395263672,24.685577392578125,0.0,0,0,3,3,14.9966
Tue Jan 30 08:39:31 2024,24-002-04 bp,45.38065,0,59.5595,0,0,25.0,-1.0,0.0,3,0,3,3,15,45.380625,0.0,59.55375,0.0,0.0,52.13972473144531,24.68994140625,0.0,0,0,3,3,15.0066
Tue Jan 30 08:39:41 2024,24-002-04 bp,45.38065,0,59.5595,0,0,25.0,-1.0,0.0,3,0,3,3,15,45.384375,0.0,59.5575,0.0,0.0,52.14189910888672,24.654937744140625,0.0,0,0,3,3,15.0066
Tue Jan 30 08:39:50 2024,24-002-04 bp,45.38065,0,59.5595,0,0,25.0,-1.0,0.0,3,0,3,3,15,45.376875,0.0,59.5575,0.0,0.0,52.13368225097656,24.652923583984375,0.0,0,0,3,3,14.9846
Tue Jan 30 08:40:00 2024,24-002-04 bp,45.38065,0,59.5595,0,0,25.0,-1.0,0.0,3,0,3,3,15,45.375,0.0,59.561249999999994,0.0,0.0,52.12841796875,24.582855224609375,0.0,0,0,3,3,14.9846
Tue Jan 30 08:40:09 2024,24-002-04 bp,45.38065,0,59.5595,0,0,25.0,-1.0,0.0,3,0,3,3,15,45.378750000000004,0.0,59.561249999999994,0.0,0.0,52.12761688232422,24.643798828125,0.0,0,0,3,3,15.002999999999997
Tue Jan 30 08:40:19 2024,24-002-04 bp,45.38065,0,59.5595,0,0,25.0,-1.0,0.0,3,0,3,3,15,45.376875,0.0,59.565,0.0,0.0,52.125831604003906,24.60272216796875,0.0,0,0,3,3,15.002999999999997
Tue Jan 30 08:40:29 2024,24-002-04 bp,45.38065,0,59.5595,0,0,25.0,-1.0,0.0,3,0,3,3,15,45.378750000000004,0.0,59.56875,0.0,0.0,52.11250305175781,24.715545654296875,0.0,0,0,3,3,15.0196
Tue Jan 30 08:40:39 2024,24-002-04 bp,45.38065,0,59.5595,0,0,25.0,-1.0,0.0,3,0,3,3,15,45.380625,0.0,59.565,0.0,0.0,52.10736846923828,24.591949462890625,0.0,0,0,3,3,15.0196
Tue Jan 30 08:40:48 2024,24-002-04 bp,45.38065,0,59.5595,0,0,25.0,-1.0,0.0,3,0,3,3,15,45.375,0.0,59.561249999999994,0.0,0.0,52.10730743408203,24.6485595703125,0.0,0,0,3,3,14.991800000000001
Tue Jan 30 08:40:57 2024,24-002-04 bp,45.38065,0,59.5595,0,0,25.0,-1.0,0.0,3,0,3,3,15,45.380625,0.0,59.5575,0.0,0.0,52.10066604614258,24.591949462890625,0.0,0,0,3,3,14.991800000000001
Tue Jan 30 08:41:07 2024,24-002-04 bp,45.38065,0,59.5595,0,0,25.0,-1.0,0.0,3,0,3,3,15,45.380625,0.0,59.550000000000004,0.0,0.0,52.097747802734375,24.591644287109375,0.0,0,0,3,3,14.9874
Tue Jan 30 08:41:16 2024,24-002-04 bp,45.38065,0,59.5595,0,0,25.0,-1.0,0.0,3,0,3,3,15,45.3825,0.0,59.56875,0.0,0.0,52.092002868652344,24.5198974609375,0.0,0,0,3,3,14.9874
Tue Jan 30 08:41:26 2024,24-002-04 bp,45.38065,0,59.5595,0,0,25.0,-1.0,0.0,3,0,3,3,15,45.384375,0.0,59.55375,0.0,0.0,52.088626861572266,24.595672607421875,0.0,0,0,3,3,14.9976
Tue Jan 30 08:41:35 2024,24-002-04 bp,45.38065,0,59.5595,0,0,25.0,-1.0,0.0,3,0,3,3,15,45.384375,0.0,59.5575,0.0,0.0,52.082000732421875,24.57647705078125,0.0,0,0,3,3,14.9976
Tue Jan 30 08:41:44 2024,24-002-04 bp,45.38065,0,59.5595,0,0,25.0,-1.0,0.0,3,0,3,3,15,45.378750000000004,0.0,59.5575,0.0,0.0,52.086402893066406,24.652557373046875,0.0,0,0,3,3,15.005199999999999
Tue Jan 30 08:43:09 2024,24-002-04 bp,45.38065,0,59.5595,0,0,25.0,-1.0,0.0,3,0,3,3,15,45.380625,0.0,59.5725,0.0,0.0,52.03451919555664,24.533721923828125,0.0,1,0,3,3,15.002600000000001
Tue Jan 30 08:43:19 2024,24-002-04 bp,45.38065,0,59.5595,0,0,25.0,-1.0,0.0,3,0,3,3,15,45.380625,0.0,59.561249999999994,0.0,0.0,52.03263473510742,24.51788330078125,0.0,1,0,3,3,15.002600000000001
Tue Jan 30 08:43:29 2024,24-002-04 bp,45.38065,0,59.5595,0,0,25.0,-1.0,0.0,3,0,3,3,15,45.3825,0.0,59.565,0.0,0.0,52.02882385253906,24.470062255859375,0.0,1,0,3,3,14.999599999999997
Tue Jan 30 08:43:38 2024,24-002-04 bp,45.38065,0,59.5595,0,0,25.0,-1.0,0.0,3,0,3,3,15,45.378750000000004,0.0,59.561249999999994,0.0,0.0,52.02194595336914,24.450897216796875,0.0,1,0,3,3,14.999599999999997
Tue Jan 30 08:43:48 2024,24-002-04 bp,45.38065,0,59.5595,0,0,25.0,-1.0,0.0,3,0,3,3,15,45.3825,0.0,59.5575,0.0,0.0,52.01885223388672,24.491973876953125,0.0,1,0,3,3,15.003800000000002
Tue Jan 30 08:43:57 2024,24-002-04 bp,45.38065,0,59.5595,0,0,25.0,-1.0,0.0,3,0,3,3,15,45.373125,0.0,59.561249999999994,0.0,0.0,52.011775970458984,24.452911376953125,0.0,1,0,3,3,15.003800000000002
Tue Jan 30 08:44:07 2024,24-002-04 bp,45.38065,0,59.5595,0,0,25.0,-1.0,0.0,3,0,3,3,15,45.376875,0.0,59.5575,0.0,0.0,52.00918197631836,24.555267333984375,0.0,1,0,3,3,15.0048
Tue Jan 30 08:44:17 2024,24-002-04 bp,45.38065,0,59.5595,0,0,25.0,-1.0,0.0,3,0,3,3,15,45.380625,0.0,59.5575,0.0,0.0,52.00367736816406,24.49029541015625,0.0,1,0,3,3,15.0048
Tue Jan 30 08:44:26 2024,24-002-04 bp,45.38065,0,59.5595,0,0,25.0,-1.0,0.0,3,0,3,3,15,45.378750000000004,0.0,59.54625,0.0,0.0,52.00025939941406,24.52056884765625,0.0,1,0,3,3,14.997199999999998
Tue Jan 30 08:44:36 2024,24-002-04 bp,45.38065,0,59.5595,0,0,25.0,-1.0,0.0,3,0,3,3,15,45.375,0.0,59.561249999999994,0.0,0.0,51.99700164794922,24.470428466796875,0.0,1,0,3,3,14.997199999999998
Tue Jan 30 08:44:45 2024,24-002-04 bp,45.38065,0,59.5595,0,0,25.0,-1.0,0.0,3,0,3,3,15,45.3825,0.0,59.550000000000004,0.0,0.0,51.99154281616211,24.487579345703125,0.0,1,0,3,3,14.968799999999998
Tue Jan 30 08:44:55 2024,24-002-04 bp,45.38065,0,59.5595,0,0,25.0,-1.0,0.0,3,0,3,3,15,45.3825,0.0,59.56875,0.0,0.0,51.98800277709961,24.457275390625,0.0,1,0,3,3,14.968799999999998
Tue Jan 30 08:45:04 2024,24-002-04 bp,45.38065,0,59.5595,0,0,25.0,-1.0,0.0,3,0,3,3,15,45.380625,0.0,59.55375,0.0,0.0,51.98326110839844,24.5030517578125,0.0,1,0,3,3,14.933600000000002
Tue Jan 30 08:45:14 2024,24-002-04 bp,45.38065,0,59.5595,0,0,25.0,-1.0,0.0,3,0,3,3,15,45.376875,0.0,59.55375,0.0,0.0,51.97979736328125,24.529022216796875,0.0,1,0,3,3,14.933600000000002
Tue Jan 30 08:45:23 2024,24-002-04 bp,45.38065,0,59.5595,0,0,25.0,-1.0,0.0,3,0,3,3,15,45.376875,0.0,59.561249999999994,0.0,0.0,51.974586486816406,24.42022705078125,0.0,1,0,3,3,14.953800000000001
Tue Jan 30 08:45:33 2024,24-002-04 bp,45.38065,0,59.5595,0,0,25.0,-1.0,0.0,3,0,3,3,15,45.3825,0.0,59.55375,0.0,0.0,51.97177505493164,24.47412109375,0.0,1,0,3,3,14.953800000000001
Tue Jan 30 08:45:42 2024,24-002-04 bp,45.38065,0,59.5595,0,0,25.0,-1.0,0.0,3,0,3,3,15,45.380625,0.0,59.55375,0.0,0.0,51.968360900878906,24.457275390625,0.0,1,0,3,3,14.9732
Tue Jan 30 08:45:52 2024,24-002-04 bp,45.38065,0,59.5595,0,0,25.0,-1.0,0.0,3,0,3,3,15,45.378750000000004,0.0,59.55375,0.0,0.0,51.963356018066406,24.4923095703125,0.0,1,0,3,3,14.9732
Tue Jan 30 08:46:01 2024,24-002-04 bp,45.38065,0,59.5595,0,0,25.0,-1.0,0.0,3,0,3,3,15,45.380625,0.0,59.5575,0.0,0.0,51.955020904541016,24.415863037109375,0.0,1,0,3,3,14.988199999999997
Tue Jan 30 08:46:11 2024,24-002-04 bp,45.38065,0,59.5595,0,0,25.0,-1.0,0.0,3,0,3,3,15,45.378750000000004,0.0,59.565,0.0,0.0,51.947689056396484,24.4879150390625,0.0,1,0,3,3,14.988199999999997
Tue Jan 30 08:46:20 2024,24-002-04 bp,45.38065,0,59.5595,0,0,25.0,-1.0,0.0,3,0,3,3,15,45.378750000000004,0.0,59.5575,0.0,0.0,51.95051193237305,24.34649658203125,0.0,1,0,3,3,15.000800000000002
Tue Jan 30 08:46:30 2024,24-002-04 bp,45.38065,0,59.5595,0,0,25.0,-1.0,0.0,3,0,3,3,15,45.38625,0.0,59.561249999999994,0.0,0.0,51.94336700439453,24.472442626953125,0.0,1,0,3,3,15.000800000000002
Tue Jan 30 08:46:39 2024,24-002-04 bp,45.38065,0,59.5595,0,0,25.0,-1.0,0.0,3,0,3,3,15,45.376875,0.0,59.5575,0.0,0.0,51.933319091796875,24.36602783203125,0.0,1,0,3,3,14.9702
Tue Jan 30 08:46:49 2024,24-002-04 bp,45.38065,0,59.5595,0,0,25.0,-1.0,0.0,3,0,3,3,15,45.3825,0.0,59.5575,0.0,0.0,51.92628860473633,24.38555908203125,0.0,1,0,3,3,14.9702
Tue Jan 30 08:46:58 2024,24-002-04 bp,45.38065,0,59.5595,0,0,25.0,-1.0,0.0,3,0,3,3,15,45.3825,0.0,59.561249999999994,0.0,0.0,51.928443908691406,24.426971435546875,0.0,1,0,3,3,14.994399999999999
Tue Jan 30 08:47:08 2024,24-002-04 bp,45.38065,0,59.5595,0,0,25.0,-1.0,0.0,3,0,3,3,15,45.376875,0.0,59.561249999999994,0.0,0.0,51.926910400390625,24.393951416015625,0.0,1,0,3,3,14.994399999999999
Tue Jan 30 08:47:17 2024,24-002-04 bp,45.38065,0,59.5595,0,0,25.0,-1.0,0.0,3,0,3,3,15,45.380625,0.0,59.55375,0.0,0.0,51.91742706298828,24.40509033203125,0.0,1,0,3,3,15.0014
Tue Jan 30 08:48:42 2024,24-002-04 bp,45.38065,0,59.5595,0,0,25.0,-1.0,0.0,3,0,3,3,15,45.378750000000004,0.0,59.561249999999994,0.0,0.0,51.8858642578125,24.471099853515625,0.0,2,0,3,3,15.001
Tue Jan 30 08:48:52 2024,24-002-04 bp,45.38065,0,59.5595,0,0,25.0,-1.0,0.0,3,0,3,3,15,45.380625,0.0,59.550000000000004,0.0,0.0,51.87826919555664,24.2730712890625,0.0,2,0,3,3,15.001
Tue Jan 30 08:49:01 2024,24-002-04 bp,45.38065,0,59.5595,0,0,25.0,-1.0,0.0,3,0,3,3,15,45.3825,0.0,59.561249999999994,0.0,0.0,51.87791442871094,24.323272705078125,0.0,2,0,3,3,14.999
Tue Jan 30 08:49:10 2024,24-002-04 bp,45.38065,0,59.5595,0,0,25.0,-1.0,0.0,3,0,3,3,15,45.3525,0.0,59.5725,0.0,0.0,51.87078857421875,24.379852294921875,0.0,2,0,3,3,14.999
Tue Jan 30 08:49:20 2024,24-002-04 bp,45.38065,0,59.5595,0,0,25.0,-1.0,0.0,3,0,3,3,15,45.384375,0.0,59.5575,0.0,0.0,51.86399459838867,24.3946533203125,0.0,2,0,3,3,15.008600000000001
Tue Jan 30 08:49:30 2024,24-002-04 bp,45.38065,0,59.5595,0,0,25.0,-1.0,0.0,3,0,3,3,15,45.3825,0.0,59.550000000000004,0.0,0.0,51.855560302734375,24.34716796875,0.0,2,0,3,3,15.008600000000001
Tue Jan 30 08:49:39 2024,24-002-04 bp,45.38065,0,59.5595,0,0,25.0,-1.0,0.0,3,0,3,3,15,45.3825,0.0,59.5575,0.0,0.0,51.8553466796875,24.414520263671875,0.0,2,0,3,3,14.9864
Tue Jan 30 08:49:49 2024,24-002-04 bp,45.38065,0,59.5595,0,0,25.0,-1.0,0.0,3,0,3,3,15,45.378750000000004,0.0,59.55375,0.0,0.0,51.850433349609375,24.444488525390625,0.0,2,0,3,3,14.9864
Tue Jan 30 08:49:58 2024,24-002-04 bp,45.38065,0,59.5595,0,0,25.0,-1.0,0.0,3,0,3,3,15,45.384375,0.0,59.561249999999994,0.0,0.0,51.845069885253906,24.1790771484375,0.0,2,0,3,3,14.981799999999998
Tue Jan 30 08:50:07 2024,24-002-04 bp,45.38065,0,59.5595,0,0,25.0,-1.0,0.0,3,0,3,3,15,45.380625,0.0,59.565,0.0,0.0,51.840797424316406,24.28314208984375,0.0,2,0,3,3,14.981799999999998
Tue Jan 30 08:50:17 2024,24-002-04 bp,45.38065,0,59.5595,0,0,25.0,-1.0,0.0,3,0,3,3,15,45.380625,0.0,59.561249999999994,0.0,0.0,51.83847427368164,24.426971435546875,0.0,2,0,3,3,14.994800000000001
Tue Jan 30 08:50:26 2024,24-002-04 bp,45.38065,0,59.5595,0,0,25.0,-1.0,0.0,3,0,3,3,15,45.378750000000004,0.0,59.5575,0.0,0.0,51.82902526855469,24.3077392578125,0.0,2,0,3,3,14.994800000000001
Tue Jan 30 08:50:36 2024,24-002-04 bp,45.38065,0,59.5595,0,0,25.0,-1.0,0.0,3,0,3,3,15,45.378750000000004,0.0,59.55375,0.0,0.0,51.82598114013672,24.3707275390625,0.0,2,0,3,3,15.0254
Tue Jan 30 08:50:45 2024,24-002-04 bp,45.38065,0,59.5595,0,0,25.0,-1.0,0.0,3,0,3,3,15,45.378750000000004,0.0,59.565,0.0,0.0,51.82199478149414,24.34478759765625,0.0,2,0,3,3,15.0254
Tue Jan 30 08:50:55 2024,24-002-04 bp,45.38065,0,59.5595,0,0,25.0,-1.0,0.0,3,0,3,3,15,45.3825,0.0,59.561249999999994,0.0,0.0,51.81861877441406,24.42767333984375,0.0,2,0,3,3,14.997399999999999
Tue Jan 30 08:51:04 2024,24-002-04 bp,45.38065,0,59.5595,0,0,25.0,-1.0,0.0,3,0,3,3,15,45.388125,0.0,59.55375,0.0,0.0,51.81169128417969,24.420928955078125,0.0,2,0,3,3,14.997399999999999
Tue Jan 30 08:51:14 2024,24-002-04 bp,45.38065,0,59.5595,0,0,25.0,-1.0,0.0,3,0,3,3,15,45.376875,0.0,59.565,0.0,0.0,51.80504608154297,24.305389404296875,0.0,2,0,3,3,15.010199999999998
Tue Jan 30 08:51:23 2024,24-002-04 bp,45.38065,0,59.5595,0,0,25.0,-1.0,0.0,3,0,3,3,15,45.378750000000004,0.0,59.55375,0.0,0.0,51.81013870239258,24.350860595703125,0.0,2,0,3,3,15.010199999999998
Tue Jan 30 08:51:33 2024,24-002-04 bp,45.38065,0,59.5595,0,0,25.0,-1.0,0.0,3,0,3,3,15,45.384375,0.0,59.565,0.0,0.0,51.79996109008789,24.324920654296875,0.0,2,0,3,3,14.999
Tue Jan 30 08:51:43 2024,24-002-04 bp,45.38065,0,59.5595,0,0,25.0,-1.0,0.0,3,0,3,3,15,45.378750000000004,0.0,59.561249999999994,0.0,0.0,51.798179626464844,24.29461669921875,0.0,2,0,3,3,14.999
Tue Jan 30 08:51:52 2024,24-002-04 bp,45.38065,0,59.5595,0,0,25.0,-1.0,0.0,3,0,3,3,15,45.380625,0.0,59.561249999999994,0.0,0.0,51.791351318359375,24.31414794921875,0.0,2,0,3,3,14.994
Tue Jan 30 08:52:02 2024,24-002-04 bp,45.38065,0,59.5595,0,0,25.0,-1.0,0.0,3,0,3,3,15,45.380625,0.0,59.55375,0.0,0.0,51.78736877441406,24.218505859375,0.0,2,0,3,3,14.994
Tue Jan 30 08:52:11 2024,24-002-04 bp,45.38065,0,59.5595,0,0,25.0,-1.0,0.0,3,0,3,3,15,45.378750000000004,0.0,59.5575,0.0,0.0,51.78736877441406,24.25555419921875,0.0,2,0,3,3,14.9726
Tue Jan 30 08:52:21 2024,24-002-04 bp,45.38065,0,59.5595,0,0,25.0,-1.0,0.0,3,0,3,3,15,45.380625,0.0,59.5575,0.0,0.0,51.77899169921875,24.235687255859375,0.0,2,0,3,3,14.9726
Tue Jan 30 08:52:30 2024,24-002-04 bp,45.38065,0,59.5595,0,0,25.0,-1.0,0.0,3,0,3,3,15,45.3825,0.0,59.561249999999994,0.0,0.0,51.776390075683594,24.19219970703125,0.0,2,0,3,3,14.966399999999998
Tue Jan 30 08:52:39 2024,24-002-04 bp,45.38065,0,59.5595,0,0,25.0,-1.0,0.0,3,0,3,3,15,45.380625,0.0,59.561249999999994,0.0,0.0,51.77179718017578,24.144073486328125,0.0,2,0,3,3,14.966399999999998
Tue Jan 30 08:52:49 2024,24-002-04 bp,45.38065,0,59.5595,0,0,25.0,-1.0,0.0,3,0,3,3,15,45.384375,0.0,59.56875,0.0,0.0,51.7681884765625,24.224884033203125,0.0,2,0,3,3,14.9958
Tue Jan 30 08:54:13 2024,24-002-04 bp,45.38065,0,59.5595,0,0,25.0,-1.0,0.0,3,0,3,3,15,45.378750000000004,0.0,59.561249999999994,0.0,0.0,51.72968292236328,24.18450927734375,0.0,3,0,3,3,15.0074
Tue Jan 30 08:54:21 2024,24-002-04 bp,45.38065,0,59.5595,0,0,25.0,-1.0,0.0,3,0,3,3,15,45.388125,0.0,59.550000000000004,0.0,0.0,51.72308349609375,24.218841552734375,0.0,3,0,3,3,15.0074
Tue Jan 30 08:54:28 2024,24-002-04 bp,45.38065,0,59.5595,0,0,25.0,-1.0,0.0,3,0,3,3,15,45.3825,0.0,59.542500000000004,0.0,0.0,51.72677230834961,24.269012451171875,0.0,3,0,3,3,14.994799999999998
Tue Jan 30 08:54:36 2024,24-002-04 bp,45.38065,0,59.5595,0,0,25.0,-1.0,0.0,3,0,3,3,15,45.378750000000004,0.0,59.5575,0.0,0.0,51.71881866455078,24.29730224609375,0.0,3,0,3,3,14.994799999999998
Tue Jan 30 08:54:43 2024,24-002-04 bp,45.38065,0,59.5595,0,0,25.0,-1.0,0.0,3,0,3,3,15,45.380625,0.0,59.5575,0.0,0.0,51.71775436401367,24.27105712890625,0.0,3,0,3,3,14.9852
Tue Jan 30 08:54:51 2024,24-002-04 bp,45.38065,0,59.5595,0,0,25.0,-1.0,0.0,3,0,3,3,15,45.38625,0.0,59.5575,0.0,0.0,51.71113204956055,24.292938232421875,0.0,3,0,3,3,14.9852
Tue Jan 30 08:54:58 2024,24-002-04 bp,45.38065,0,59.5595,0,0,25.0,-1.0,0.0,3,0,3,3,15,45.384375,0.0,59.561249999999994,0.0,0.0,51.71177673339844,24.264984130859375,0.0,3,0,3,3,14.991199999999997
Tue Jan 30 08:55:06 2024,24-002-04 bp,45.38065,0,59.5595,0,0,25.0,-1.0,0.0,3,0,3,3,15,45.375,0.0,59.561249999999994,0.0,0.0,51.706703186035156,24.21514892578125,0.0,3,0,3,3,14.991199999999997
Tue Jan 30 08:55:13 2024,24-002-04 bp,45.38065,0,59.5595,0,0,25.0,-1.0,0.0,3,0,3,3,15,45.380625,0.0,59.55375,0.0,0.0,51.70207977294922,24.212799072265625,0.0,3,0,3,3,15.000200000000001
Tue Jan 30 08:55:29 2024,24-002-04 bp,45.38065,0,59.5595,0,0,25.0,-1.0,0.0,3,0,3,4,15,45.378750000000004,0.0,59.5725,0.0,0.0,51.69734191894531,24.271392822265625,0.0,0,0,3,4,14.994800000000001
Tue Jan 30 08:55:39 2024,24-002-04 bp,45.38065,0,59.5595,0,0,25.0,-1.0,0.0,3,0,3,4,15,45.380625,0.0,59.565,0.0,0.0,51.6878547668457,24.286529541015625,0.0,0,0,3,4,14.994800000000001
Tue Jan 30 08:55:48 2024,24-002-04 bp,45.38065,0,59.5595,0,0,25.0,-1.0,0.0,3,0,3,4,15,45.378750000000004,0.0,59.561249999999994,0.0,0.0,51.68962860107422,24.212799072265625,0.0,0,0,3,4,14.984399999999999
Tue Jan 30 08:55:58 2024,24-002-04 bp,45.38065,0,59.5595,0,0,25.0,-1.0,0.0,3,0,3,4,15,45.378750000000004,0.0,59.5575,0.0,0.0,51.68811798095703,24.171356201171875,0.0,0,0,3,4,14.984399999999999
Tue Jan 30 08:56:07 2024,24-002-04 bp,45.38065,0,59.5595,0,0,25.0,-1.0,0.0,3,0,3,4,15,45.380625,0.0,59.5575,0.0,0.0,51.68208312988281,24.22357177734375,0.0,0,0,3,4,15.015
Tue Jan 30 08:56:17 2024,24-002-04 bp,45.38065,0,59.5595,0,0,25.0,-1.0,0.0,3,0,3,4,15,45.378750000000004,0.0,59.5575,0.0,0.0,51.67186737060547,24.208038330078125,0.0,0,0,3,4,15.015
Tue Jan 30 08:56:26 2024,24-002-04 bp,45.38065,0,59.5595,0,0,25.0,-1.0,0.0,3,0,3,4,15,45.3825,0.0,59.5575,0.0,0.0,51.667381286621094,24.210784912109375,0.0,0,0,3,4,14.999
Tue Jan 30 08:56:36 2024,24-002-04 bp,45.38065,0,59.5595,0,0,25.0,-1.0,0.0,3,0,3,4,15,45.380625,0.0,59.58,0.0,0.0,51.66673278808594,24.1737060546875,0.0,0,0,3,4,14.999
Tue Jan 30 08:56:45 2024,24-002-04 bp,45.38065,0,59.5595,0,0,25.0,-1.0,0.0,3,0,3,4,15,45.380625,0.0,59.550000000000004,0.0,0.0,51.66307830810547,24.088470458984375,0.0,0,0,3,4,15.0018
Tue Jan 30 08:56:55 2024,24-002-04 bp,45.38065,0,59.5595,0,0,25.0,-1.0,0.0,3,0,3,4,15,45.378750000000004,0.0,59.55375,0.0,0.0,51.662384033203125,24.105987548828125,0.0,0,0,3,4,15.0018
Tue Jan 30 08:57:04 2024,24-002-04 bp,45.38065,0,59.5595,0,0,25.0,-1.0,0.0,3,0,3,4,15,45.3825,0.0,59.5575,0.0,0.0,51.654239654541016,24.027862548828125,0.0,0,0,3,4,15.011000000000001
Tue Jan 30 08:57:14 2024,24-002-04 bp,45.38065,0,59.5595,0,0,25.0,-1.0,0.0,3,0,3,4,15,45.378750000000004,0.0,59.550000000000004,0.0,0.0,51.64942932128906,24.251861572265625,0.0,0,0,3,4,15.011000000000001
Tue Jan 30 08:57:23 2024,24-002-04 bp,45.38065,0,59.5595,0,0,25.0,-1.0,0.0,3,0,3,4,15,45.3825,0.0,59.5575,0.0,0.0,51.64826202392578,24.1474609375,0.0,0,0,3,4,14.9692
Tue Jan 30 08:57:33 2024,24-002-04 bp,45.38065,0,59.5595,0,0,25.0,-1.0,0.0,3,0,3,4,15,45.380625,0.0,59.550000000000004,0.0,0.0,51.63939666748047,24.06658935546875,0.0,0,0,3,4,14.9692
Tue Jan 30 08:57:42 2024,24-002-04 bp,45.38065,0,59.5595,0,0,25.0,-1.0,0.0,3,0,3,4,15,45.3825,0.0,59.5575,0.0,0.0,51.63251495361328,24.109710693359375,0.0,0,0,3,4,14.9926
Tue Jan 30 08:57:52 2024,24-002-04 bp,45.38065,0,59.5595,0,0,25.0,-1.0,0.0,3,0,3,4,15,45.380625,0.0,59.542500000000004,0.0,0.0,51.635108947753906,24.0335693359375,0.0,0,0,3,4,14.9926
Tue Jan 30 08:58:01 2024,24-002-04 bp,45.38065,0,59.5595,0,0,25.0,-1.0,0.0,3,0,3,4,15,45.378750000000004,0.0,59.561249999999994,0.0,0.0,51.628170013427734,24.120819091796875,0.0,0,0,3,4,14.9856
Tue Jan 30 08:58:11 2024,24-002-04 bp,45.38065,0,59.5595,0,0,25.0,-1.0,0.0,3,0,3,4,15,45.384375,0.0,59.55375,0.0,0.0,51.626731872558594,24.170989990234375,0.0,0,0,3,4,14.9856
Tue Jan 30 08:58:20 2024,24-002-04 bp,45.38065,0,59.5595,0,0,25.0,-1.0,0.0,3,0,3,4,15,45.378750000000004,0.0,59.565,0.0,0.0,51.62322235107422,24.07098388671875,0.0,0,0,3,4,14.9952
Tue Jan 30 08:59:45 2024,24-002-04 bp,45.38065,0,59.5595,0,0,25.0,-1.0,0.0,3,0,3,4,15,45.378750000000004,0.0,59.5575,0.0,0.0,51.58822250366211,24.084442138671875,0.0,1,0,3,4,15.002199999999998
Tue Jan 30 08:59:55 2024,24-002-04 bp,45.38065,0,59.5595,0,0,25.0,-1.0,0.0,3,0,3,4,15,45.3825,0.0,59.561249999999994,0.0,0.0,51.58470153808594,24.09759521484375,0.0,1,0,3,4,15.002199999999998
Tue Jan 30 09:00:04 2024,24-002-04 bp,45.38065,0,59.5595,0,0,25.0,-1.0,0.0,3,0,3,4,15,45.378750000000004,0.0,59.561249999999994,0.0,0.0,51.58210372924805,24.1474609375,0.0,1,0,3,4,15.0012
Tue Jan 30 09:00:14 2024,24-002-04 bp,45.38065,0,59.5595,0,0,25.0,-1.0,0.0,3,0,3,4,15,45.380625,0.0,59.565,0.0,0.0,51.5740852355957,24.104339599609375,0.0,1,0,3,4,15.0012
Tue Jan 30 09:00:23 2024,24-002-04 bp,45.38065,0,59.5595,0,0,25.0,-1.0,0.0,3,0,3,4,15,45.3825,0.0,59.550000000000004,0.0,0.0,51.56871032714844,24.158538818359375,0.0,1,0,3,4,15.161399999999997
Tue Jan 30 09:00:33 2024,24-002-04 bp,45.38065,0,59.5595,0,0,25.0,-1.0,0.0,3,0,3,4,15,45.376875,0.0,59.5575,0.0,0.0,51.562652587890625,24.067291259765625,0.0,1,0,3,4,15.161399999999997
Tue Jan 30 09:00:42 2024,24-002-04 bp,45.38065,0,59.5595,0,0,25.0,-1.0,0.0,3,0,3,4,15,45.380625,0.0,59.5575,0.0,0.0,51.56421661376953,24.1346435546875,0.0,1,0,3,4,15.015199999999998
Tue Jan 30 09:00:52 2024,24-002-04 bp,45.38065,0,59.5595,0,0,25.0,-1.0,0.0,3,0,3,4,15,45.3825,0.0,59.550000000000004,0.0,0.0,51.560096740722656,24.0015869140625,0.0,1,0,3,4,15.015199999999998
Tue Jan 30 09:01:02 2024,24-002-04 bp,45.38065,0,59.5595,0,0,25.0,-1.0,0.0,3,0,3,4,15,45.378750000000004,0.0,59.565,0.0,0.0,51.554378509521484,24.03863525390625,0.0,1,0,3,4,14.987200000000001
Tue Jan 30 09:01:11 2024,24-002-04 bp,45.38065,0,59.5595,0,0,25.0,-1.0,0.0,3,0,3,4,15,45.3825,0.0,59.5575,0.0,0.0,51.55272674560547,23.982391357421875,0.0,1,0,3,4,14.987200000000001
Tue Jan 30 09:01:21 2024,24-002-04 bp,45.38065,0,59.5595,0,0,25.0,-1.0,0.0,3,0,3,4,15,45.378750000000004,0.0,59.561249999999994,0.0,0.0,51.54957580566406,24.0211181640625,0.0,1,0,3,4,14.996799999999999
Tue Jan 30 09:01:30 2024,24-002-04 bp,45.38065,0,59.5595,0,0,25.0,-1.0,0.0,3,0,3,4,15,45.384375,0.0,59.55375,0.0,0.0,51.54285430908203,23.999542236328125,0.0,1,0,3,4,14.996799999999999
Tue Jan 30 09:01:40 2024,24-002-04 bp,45.38065,0,59.5595,0,0,25.0,-1.0,0.0,3,0,3,4,15,45.380625,0.0,59.550000000000004,0.0,0.0,51.541542053222656,24.049407958984375,0.0,1,0,3,4,14.992800000000003
Tue Jan 30 09:01:49 2024,24-002-04 bp,45.38065,0,59.5595,0,0,25.0,-1.0,0.0,3,0,3,4,15,45.378750000000004,0.0,59.5575,0.0,0.0,51.53443908691406,23.982025146484375,0.0,1,0,3,4,14.992800000000003
Tue Jan 30 09:01:59 2024,24-002-04 bp,45.38065,0,59.5595,0,0,25.0,-1.0,0.0,3,0,3,4,15,45.378750000000004,0.0,59.550000000000004,0.0,0.0,51.535362243652344,24.0322265625,0.0,1,0,3,4,14.9976
Tue Jan 30 09:02:09 2024,24-002-04 bp,45.38065,0,59.5595,0,0,25.0,-1.0,0.0,3,0,3,4,15,45.380625,0.0,59.550000000000004,0.0,0.0,51.53209686279297,23.940582275390625,0.0,1,0,3,4,14.9976
Tue Jan 30 09:02:18 2024,24-002-04 bp,45.38065,0,59.5595,0,0,25.0,-1.0,0.0,3,0,3,4,15,45.380625,0.0,59.561249999999994,0.0,0.0,51.519264221191406,23.98638916015625,0.0,1,0,3,4,15.002599999999997
Tue Jan 30 09:02:28 2024,24-002-04 bp,45.38065,0,59.5595,0,0,25.0,-1.0,0.0,3,0,3,4,15,45.380625,0.0,59.5575,0.0,0.0,51.52576446533203,24.0557861328125,0.0,1,0,3,4,15.002599999999997
Tue Jan 30 09:02:37 2024,24-002-04 bp,45.38065,0,59.5595,0,0,25.0,-1.0,0.0,3,0,3,4,15,45.380625,0.0,59.56875,0.0,0.0,51.51463317871094,24.025482177734375,0.0,1,0,3,4,15.0036
Tue Jan 30 09:02:47 2024,24-002-04 bp,45.38065,0,59.5595,0,0,25.0,-1.0,0.0,3,0,3,4,15,45.376875,0.0,59.561249999999994,0.0,0.0,51.509681701660156,23.972930908203125,0.0,1,0,3,4,15.0036
Tue Jan 30 09:02:56 2024,24-002-04 bp,45.38065,0,59.5595,0,0,25.0,-1.0,0.0,3,0,3,4,15,45.380625,0.0,59.561249999999994,0.0,0.0,51.51144790649414,24.001220703125,0.0,1,0,3,4,14.994400000000002
Tue Jan 30 09:03:06 2024,24-002-04 bp,45.38065,0,59.5595,0,0,25.0,-1.0,0.0,3,0,3,4,15,45.3825,0.0,59.56875,0.0,0.0,51.503196716308594,23.977294921875,0.0,1,0,3,4,14.994400000000002
Tue Jan 30 09:03:15 2024,24-002-04 bp,45.38065,0,59.5595,0,0,25.0,-1.0,0.0,3,0,3,4,15,45.378750000000004,0.0,59.565,0.0,0.0,51.50187683105469,24.001220703125,0.0,1,0,3,4,15.0076
Tue Jan 30 09:03:25 2024,24-002-04 bp,45.38065,0,59.5595,0,0,25.0,-1.0,0.0,3,0,3,4,15,45.3825,0.0,59.565,0.0,0.0,51.49317932128906,23.83984375,0.0,1,0,3,4,15.0076
Tue Jan 30 09:03:34 2024,24-002-04 bp,45.38065,0,59.5595,0,0,25.0,-1.0,0.0,3,0,3,4,15,45.376875,0.0,59.561249999999994,0.0,0.0,51.49455642700195,23.888031005859375,0.0,1,0,3,4,14.9866
Tue Jan 30 09:03:44 2024,24-002-04 bp,45.38065,0,59.5595,0,0,25.0,-1.0,0.0,3,0,3,4,15,45.378750000000004,0.0,59.5575,0.0,0.0,51.490142822265625,23.974945068359375,0.0,1,0,3,4,14.9866
Tue Jan 30 09:03:53 2024,24-002-04 bp,45.38065,0,59.5595,0,0,25.0,-1.0,0.0,3,0,3,4,15,45.3825,0.0,59.565,0.0,0.0,51.49049377441406,24.04669189453125,0.0,1,0,3,4,14.999
Tue Jan 30 09:05:18 2024,24-002-04 bp,45.38065,0,59.5595,0,0,25.0,-1.0,0.0,3,0,3,4,15,45.380625,0.0,59.56875,0.0,0.0,51.45301818847656,23.9608154296875,0.0,2,0,3,4,15.007399999999999
Tue Jan 30 09:05:28 2024,24-002-04 bp,45.38065,0,59.5595,0,0,25.0,-1.0,0.0,3,0,3,4,15,45.3825,0.0,59.55375,0.0,0.0,51.44683074951172,23.95404052734375,0.0,2,0,3,4,15.007399999999999
Tue Jan 30 09:05:37 2024,24-002-04 bp,45.38065,0,59.5595,0,0,25.0,-1.0,0.0,3,0,3,4,15,45.39,0.0,59.5575,0.0,0.0,51.44305419921875,23.938568115234375,0.0,2,0,3,4,14.9994
Tue Jan 30 09:05:47 2024,24-002-04 bp,45.38065,0,59.5595,0,0,25.0,-1.0,0.0,3,0,3,4,15,45.380625,0.0,59.55375,0.0,0.0,51.43962860107422,23.930145263671875,0.0,2,0,3,4,14.9994
Tue Jan 30 09:05:56 2024,24-002-04 bp,45.38065,0,59.5595,0,0,25.0,-1.0,0.0,3,0,3,4,15,45.384375,0.0,59.56875,0.0,0.0,51.43907165527344,23.999542236328125,0.0,2,0,3,4,14.997800000000002
Tue Jan 30 09:06:06 2024,24-002-04 bp,45.38065,0,59.5595,0,0,25.0,-1.0,0.0,3,0,3,4,15,45.376875,0.0,59.55375,0.0,0.0,51.437583923339844,23.855682373046875,0.0,2,0,3,4,14.997800000000002
Tue Jan 30 09:06:15 2024,24-002-04 bp,45.38065,0,59.5595,0,0,25.0,-1.0,0.0,3,0,3,4,15,45.378750000000004,0.0,59.565,0.0,0.0,51.42934799194336,23.871185302734375,0.0,2,0,3,4,14.9492
Tue Jan 30 09:06:25 2024,24-002-04 bp,45.38065,0,59.5595,0,0,25.0,-1.0,0.0,3,0,3,4,15,45.3825,0.0,59.565,0.0,0.0,51.42985534667969,23.862762451171875,0.0,2,0,3,4,14.9492
Tue Jan 30 09:06:34 2024,24-002-04 bp,45.38065,0,59.5595,0,0,25.0,-1.0,0.0,3,0,3,4,15,45.380625,0.0,59.5575,0.0,0.0,51.42444610595703,23.952056884765625,0.0,2,0,3,4,15.086400000000001
Tue Jan 30 09:06:44 2024,24-002-04 bp,45.38065,0,59.5595,0,0,25.0,-1.0,0.0,3,0,3,4,15,45.378750000000004,0.0,59.5575,0.0,0.0,51.42137908935547,23.971588134765625,0.0,2,0,3,4,15.086400000000001
Tue Jan 30 09:06:53 2024,24-002-04 bp,45.38065,0,59.5595,0,0,25.0,-1.0,0.0,3,0,3,4,15,45.3825,0.0,59.561249999999994,0.0,0.0,51.414669036865234,23.98675537109375,0.0,2,0,3,4,15.003800000000002
Tue Jan 30 09:07:03 2024,24-002-04 bp,45.38065,0,59.5595,0,0,25.0,-1.0,0.0,3,0,3,4,15,45.376875,0.0,59.565,0.0,0.0,51.41182327270508,23.877899169921875,0.0,2,0,3,4,15.003800000000002
Tue Jan 30 09:07:12 2024,24-002-04 bp,45.38065,0,59.5595,0,0,25.0,-1.0,0.0,3,0,3,4,15,45.380625,0.0,59.55375,0.0,0.0,51.411033630371094,23.9058837890625,0.0,2,0,3,4,14.996199999999998
Tue Jan 30 09:07:22 2024,24-002-04 bp,45.38065,0,59.5595,0,0,25.0,-1.0,0.0,3,0,3,4,15,45.378750000000004,0.0,59.5575,0.0,0.0,51.40534973144531,23.8974609375,0.0,2,0,3,4,14.996199999999998
Tue Jan 30 09:07:31 2024,24-002-04 bp,45.38065,0,59.5595,0,0,25.0,-1.0,0.0,3,0,3,4,15,45.380625,0.0,59.56875,0.0,0.0,51.40849304199219,23.964874267578125,0.0,2,0,3,4,14.9578
Tue Jan 30 09:07:41 2024,24-002-04 bp,45.38065,0,59.5595,0,0,25.0,-1.0,0.0,3,0,3,4,15,45.380625,0.0,59.5575,0.0,0.0,51.40254211425781,23.842529296875,0.0,2,0,3,4,14.9578
Tue Jan 30 09:07:50 2024,24-002-04 bp,45.38065,0,59.5595,0,0,25.0,-1.0,0.0,3,0,3,4,15,45.380625,0.0,59.5575,0.0,0.0,51.39323425292969,23.858062744140625,0.0,2,0,3,4,14.992799999999999
Tue Jan 30 09:08:00 2024,24-002-04 bp,45.38065,0,59.5595,0,0,25.0,-1.0,0.0,3,0,3,4,15,45.380625,0.0,59.561249999999994,0.0,0.0,51.38665771484375,23.895111083984375,0.0,2,0,3,4,14.992799999999999
Tue Jan 30 09:08:10 2024,24-002-04 bp,45.38065,0,59.5595,0,0,25.0,-1.0,0.0,3,0,3,4,15,45.3825,0.0,59.56875,0.0,0.0,51.384883880615234,23.960479736328125,0.0,2,0,3,4,15.005
Tue Jan 30 09:08:20 2024,24-002-04 bp,45.38065,0,59.5595,0,0,25.0,-1.0,0.0,3,0,3,4,15,45.378750000000004,0.0,59.54625,0.0,0.0,51.386077880859375,23.9342041015625,0.0,2,0,3,4,15.005
Tue Jan 30 09:08:29 2024,24-002-04 bp,45.38065,0,59.5595,0,0,25.0,-1.0,0.0,3,0,3,4,15,45.376875,0.0,59.5575,0.0,0.0,51.37646484375,23.86004638671875,0.0,2,0,3,4,15.018
Tue Jan 30 09:08:38 2024,24-002-04 bp,45.38065,0,59.5595,0,0,25.0,-1.0,0.0,3,0,3,4,15,45.380625,0.0,59.565,0.0,0.0,51.36968231201172,23.895111083984375,0.0,2,0,3,4,15.018
Tue Jan 30 09:08:48 2024,24-002-04 bp,45.38065,0,59.5595,0,0,25.0,-1.0,0.0,3,0,3,4,15,45.380625,0.0,59.5725,0.0,0.0,51.367679595947266,23.92340087890625,0.0,2,0,3,4,14.9892
Tue Jan 30 09:08:57 2024,24-002-04 bp,45.38065,0,59.5595,0,0,25.0,-1.0,0.0,3,0,3,4,15,45.378750000000004,0.0,59.55375,0.0,0.0,51.370216369628906,23.760345458984375,0.0,2,0,3,4,14.9892
Tue Jan 30 09:09:07 2024,24-002-04 bp,45.38065,0,59.5595,0,0,25.0,-1.0,0.0,3,0,3,4,15,45.380625,0.0,59.561249999999994,0.0,0.0,51.36741638183594,23.86444091796875,0.0,2,0,3,4,14.976600000000001
Tue Jan 30 09:09:16 2024,24-002-04 bp,45.38065,0,59.5595,0,0,25.0,-1.0,0.0,3,0,3,4,15,45.376875,0.0,59.5575,0.0,0.0,51.366127014160156,23.91900634765625,0.0,2,0,3,4,14.976600000000001
Tue Jan 30 09:09:25 2024,24-002-04 bp,45.38065,0,59.5595,0,0,25.0,-1.0,0.0,3,0,3,4,15,45.380625,0.0,59.565,0.0,0.0,51.35678482055664,23.975311279296875,0.0,2,0,3,4,14.993199999999998
Tue Jan 30 09:10:50 2024,24-002-04 bp,45.38065,0,59.5595,0,0,25.0,-1.0,0.0,3,0,3,4,15,45.376875,0.0,59.542500000000004,0.0,0.0,51.331573486328125,23.85162353515625,0.0,3,0,3,4,14.983799999999999
Tue Jan 30 09:10:58 2024,24-002-04 bp,45.38065,0,59.5595,0,0,25.0,-1.0,0.0,3,0,3,4,15,45.380625,0.0,59.55375,0.0,0.0,51.32328796386719,23.7427978515625,0.0,3,0,3,4,14.983799999999999
Tue Jan 30 09:11:05 2024,24-002-04 bp,45.38065,0,59.5595,0,0,25.0,-1.0,0.0,3,0,3,4,15,45.378750000000004,0.0,59.561249999999994,0.0,0.0,51.314884185791016,23.786285400390625,0.0,3,0,3,4,15.003200000000001
Tue Jan 30 09:11:13 2024,24-002-04 bp,45.38065,0,59.5595,0,0,25.0,-1.0,0.0,3,0,3,4,15,45.380625,0.0,59.5575,0.0,0.0,51.319053649902344,23.8385009765625,0.0,3,0,3,4,15.003200000000001
Tue Jan 30 09:11:20 2024,24-002-04 bp,45.38065,0,59.5595,0,0,25.0,-1.0,0.0,3,0,3,4,15,45.376875,0.0,59.565,0.0,0.0,51.31707763671875,23.877899169921875,0.0,3,0,3,4,14.997399999999999
Tue Jan 30 09:11:28 2024,24-002-04 bp,45.38065,0,59.5595,0,0,25.0,-1.0,0.0,3,0,3,4,15,45.3825,0.0,59.561249999999994,0.0,0.0,51.312599182128906,23.814910888671875,0.0,3,0,3,4,14.997399999999999
Tue Jan 30 09:11:35 2024,24-002-04 bp,45.38065,0,59.5595,0,0,25.0,-1.0,0.0,3,0,3,4,15,45.378750000000004,0.0,59.55375,0.0,0.0,51.30971145629883,23.76708984375,0.0,3,0,3,4,15.0096
Tue Jan 30 09:11:43 2024,24-002-04 bp,45.38065,0,59.5595,0,0,25.0,-1.0,0.0,3,0,3,4,15,45.376875,0.0,59.561249999999994,0.0,0.0,51.308563232421875,23.78900146484375,0.0,3,0,3,4,15.0096
Tue Jan 30 09:11:50 2024,24-002-04 bp,45.38065,0,59.5595,0,0,25.0,-1.0,0.0,3,0,3,4,15,45.380625,0.0,59.561249999999994,0.0,0.0,51.29884719848633,23.862762451171875,0.0,3,0,3,4,15.009200000000002
Tue Jan 30 09:12:06 2024,24-002-04 bp,45.38065,0,59.5595,0,0,25.0,-1.0,0.0,3,0,3,5,15,45.380625,0.0,59.55375,0.0,0.0,51.296775817871094,23.775848388671875,0.0,0,0,3,5,14.9976
Tue Jan 30 09:12:15 2024,24-002-04 bp,45.38065,0,59.5595,0,0,25.0,-1.0,0.0,3,0,3,5,15,45.3825,0.0,59.561249999999994,0.0,0.0,51.29651641845703,23.869140625,0.0,0,0,3,5,14.9976
Tue Jan 30 09:12:25 2024,24-002-04 bp,45.38065,0,59.5595,0,0,25.0,-1.0,0.0,3,0,3,5,15,45.3825,0.0,59.565,0.0,0.0,51.28217697143555,23.843231201171875,0.0,0,0,3,5,14.9562
Tue Jan 30 09:12:34 2024,24-002-04 bp,45.38065,0,59.5595,0,0,25.0,-1.0,0.0,3,0,3,5,15,45.380625,0.0,59.565,0.0,0.0,51.28226089477539,23.771453857421875,0.0,0,0,3,5,14.9562
Tue Jan 30 09:12:44 2024,24-002-04 bp,45.38065,0,59.5595,0,0,25.0,-1.0,0.0,3,0,3,5,15,45.380625,0.0,59.565,0.0,0.0,51.27816390991211,23.73876953125,0.0,0,0,3,5,15.1978
Tue Jan 30 09:12:53 2024,24-002-04 bp,45.38065,0,59.5595,0,0,25.0,-1.0,0.0,3,0,3,5,15,45.380625,0.0,59.54625,0.0,0.0,51.270721435546875,23.76708984375,0.0,0,0,3,5,15.1978
Tue Jan 30 09:13:03 2024,24-002-04 bp,45.38065,0,59.5595,0,0,25.0,-1.0,0.0,3,0,3,5,15,45.380625,0.0,59.55375,0.0,0.0,51.27165222167969,23.90185546875,0.0,0,0,3,5,14.9946
Tue Jan 30 09:13:12 2024,24-002-04 bp,45.38065,0,59.5595,0,0,25.0,-1.0,0.0,3,0,3,5,15,45.384375,0.0,59.561249999999994,0.0,0.0,51.267852783203125,23.793365478515625,0.0,0,0,3,5,14.9946
Tue Jan 30 09:13:22 2024,24-002-04 bp,45.38065,0,59.5595,0,0,25.0,-1.0,0.0,3,0,3,5,15,45.380625,0.0,59.542500000000004,0.0,0.0,51.264244079589844,23.858367919921875,0.0,0,0,3,5,15.000400000000003
Tue Jan 30 09:13:31 2024,24-002-04 bp,45.38065,0,59.5595,0,0,25.0,-1.0,0.0,3,0,3,5,15,45.380625,0.0,59.561249999999994,0.0,0.0,51.261016845703125,23.813262939453125,0.0,0,0,3,5,15.000400000000003
Tue Jan 30 09:13:41 2024,24-002-04 bp,45.38065,0,59.5595,0,0,25.0,-1.0,0.0,3,0,3,5,15,45.384375,0.0,59.550000000000004,0.0,0.0,51.26012420654297,23.8065185546875,0.0,0,0,3,5,15.111800000000002
Tue Jan 30 09:13:51 2024,24-002-04 bp,45.38065,0,59.5595,0,0,25.0,-1.0,0.0,3,0,3,5,15,45.380625,0.0,59.5575,0.0,0.0,51.25409698486328,23.8065185546875,0.0,0,0,3,5,15.111800000000002
Tue Jan 30 09:14:00 2024,24-002-04 bp,45.38065,0,59.5595,0,0,25.0,-1.0,0.0,3,0,3,5,15,45.380625,0.0,59.5575,0.0,0.0,51.24645233154297,23.834808349609375,0.0,0,0,3,5,15.0208
Tue Jan 30 09:14:10 2024,24-002-04 bp,45.38065,0,59.5595,0,0,25.0,-1.0,0.0,3,0,3,5,15,45.380625,0.0,59.5575,0.0,0.0,51.24751663208008,23.845916748046875,0.0,0,0,3,5,15.0208
Tue Jan 30 09:14:19 2024,24-002-04 bp,45.38065,0,59.5595,0,0,25.0,-1.0,0.0,3,0,3,5,15,45.380625,0.0,59.5575,0.0,0.0,51.236053466796875,23.769439697265625,0.0,0,0,3,5,15.044599999999999
Tue Jan 30 09:14:28 2024,24-002-04 bp,45.38065,0,59.5595,0,0,25.0,-1.0,0.0,3,0,3,5,15,45.3825,0.0,59.5575,0.0,0.0,51.23699951171875,23.782562255859375,0.0,0,0,3,5,15.044599999999999
Tue Jan 30 09:14:38 2024,24-002-04 bp,45.38065,0,59.5595,0,0,25.0,-1.0,0.0,3,0,3,5,15,45.380625,0.0,59.55375,0.0,0.0,51.22520446777344,23.7542724609375,0.0,0,0,3,5,15.020799999999998
Tue Jan 30 09:14:47 2024,24-002-04 bp,45.38065,0,59.5595,0,0,25.0,-1.0,0.0,3,0,3,5,15,45.3825,0.0,59.565,0.0,0.0,51.22884750366211,23.625518798828125,0.0,0,0,3,5,15.020799999999998
Tue Jan 30 09:14:57 2024,24-002-04 bp,45.38065,0,59.5595,0,0,25.0,-1.0,0.0,3,0,3,5,15,45.380625,0.0,59.561249999999994,0.0,0.0,51.22592544555664,23.695648193359375,0.0,0,0,3,5,15.006
Tue Jan 30 09:16:22 2024,24-002-04 bp,45.38065,0,59.5595,0,0,25.0,-1.0,0.0,3,0,3,5,15,45.388125,0.0,59.5575,0.0,0.0,51.198211669921875,23.652191162109375,0.0,1,0,3,5,15.001600000000002
Tue Jan 30 09:16:32 2024,24-002-04 bp,45.38065,0,59.5595,0,0,25.0,-1.0,0.0,3,0,3,5,15,45.384375,0.0,59.561249999999994,0.0,0.0,51.19154357910156,23.58880615234375,0.0,1,0,3,5,15.001600000000002
Tue Jan 30 09:16:41 2024,24-002-04 bp,45.38065,0,59.5595,0,0,25.0,-1.0,0.0,3,0,3,5,15,45.373125,0.0,59.5575,0.0,0.0,51.19111633300781,23.669342041015625,0.0,1,0,3,5,15.000400000000003
Tue Jan 30 09:16:51 2024,24-002-04 bp,45.38065,0,59.5595,0,0,25.0,-1.0,0.0,3,0,3,5,15,45.378750000000004,0.0,59.561249999999994,0.0,0.0,51.18829345703125,23.697998046875,0.0,1,0,3,5,15.000400000000003
Tue Jan 30 09:17:00 2024,24-002-04 bp,45.38065,0,59.5595,0,0,25.0,-1.0,0.0,3,0,3,5,15,45.384375,0.0,59.55375,0.0,0.0,51.186763763427734,23.78662109375,0.0,1,0,3,5,15.0024
Tue Jan 30 09:17:10 2024,24-002-04 bp,45.38065,0,59.5595,0,0,25.0,-1.0,0.0,3,0,3,5,15,45.376875,0.0,59.55375,0.0,0.0,51.17802429199219,23.60870361328125,0.0,1,0,3,5,15.0024
Tue Jan 30 09:17:19 2024,24-002-04 bp,45.38065,0,59.5595,0,0,25.0,-1.0,0.0,3,0,3,5,15,45.3825,0.0,59.55375,0.0,0.0,51.1713752746582,23.7215576171875,0.0,1,0,3,5,15.012
Tue Jan 30 09:17:29 2024,24-002-04 bp,45.38065,0,59.5595,0,0,25.0,-1.0,0.0,3,0,3,5,15,45.380625,0.0,59.55375,0.0,0.0,51.17061233520508,23.689239501953125,0.0,1,0,3,5,15.012
Tue Jan 30 09:17:38 2024,24-002-04 bp,45.38065,0,59.5595,0,0,25.0,-1.0,0.0,3,0,3,5,15,45.376875,0.0,59.5575,0.0,0.0,51.17011642456055,23.697998046875,0.0,1,0,3,5,15.002600000000001
Tue Jan 30 09:17:48 2024,24-002-04 bp,45.38065,0,59.5595,0,0,25.0,-1.0,0.0,3,0,3,5,15,45.380625,0.0,59.5575,0.0,0.0,51.165897369384766,23.684844970703125,0.0,1,0,3,5,15.002600000000001
Tue Jan 30 09:17:57 2024,24-002-04 bp,45.38065,0,59.5595,0,0,25.0,-1.0,0.0,3,0,3,5,15,45.3825,0.0,59.55375,0.0,0.0,51.168067932128906,23.682830810546875,0.0,1,0,3,5,14.9792
Tue Jan 30 09:18:07 2024,24-002-04 bp,45.38065,0,59.5595,0,0,25.0,-1.0,0.0,3,0,3,5,15,45.376875,0.0,59.56875,0.0,0.0,51.15974426269531,23.75225830078125,0.0,1,0,3,5,14.9792
Tue Jan 30 09:18:16 2024,24-002-04 bp,45.38065,0,59.5595,0,0,25.0,-1.0,0.0,3,0,3,5,15,45.3825,0.0,59.55375,0.0,0.0,51.15107345581055,23.697998046875,0.0,1,0,3,5,15.013600000000002
Tue Jan 30 09:18:26 2024,24-002-04 bp,45.38065,0,59.5595,0,0,25.0,-1.0,0.0,3,0,3,5,15,45.380625,0.0,59.565,0.0,0.0,51.151695251464844,23.639373779296875,0.0,1,0,3,5,15.013600000000002
Tue Jan 30 09:18:35 2024,24-002-04 bp,45.38065,0,59.5595,0,0,25.0,-1.0,0.0,3,0,3,5,15,45.378750000000004,0.0,59.5575,0.0,0.0,51.146461486816406,23.674407958984375,0.0,1,0,3,5,14.9924
Tue Jan 30 09:18:45 2024,24-002-04 bp,45.38065,0,59.5595,0,0,25.0,-1.0,0.0,3,0,3,5,15,45.3825,0.0,59.550000000000004,0.0,0.0,51.1386604309082,23.717864990234375,0.0,1,0,3,5,14.9924
Tue Jan 30 09:18:54 2024,24-002-04 bp,45.38065,0,59.5595,0,0,25.0,-1.0,0.0,3,0,3,5,15,45.376875,0.0,59.5575,0.0,0.0,51.140464782714844,23.74383544921875,0.0,1,0,3,5,14.9964
Tue Jan 30 09:19:04 2024,24-002-04 bp,45.38065,0,59.5595,0,0,25.0,-1.0,0.0,3,0,3,5,15,45.378750000000004,0.0,59.55375,0.0,0.0,51.1430549621582,23.735076904296875,0.0,1,0,3,5,14.9964
Tue Jan 30 09:19:13 2024,24-002-04 bp,45.38065,0,59.5595,0,0,25.0,-1.0,0.0,3,0,3,5,15,45.380625,0.0,59.561249999999994,0.0,0.0,51.13690185546875,23.704742431640625,0.0,1,0,3,5,15.006199999999998
Tue Jan 30 09:19:23 2024,24-002-04 bp,45.38065,0,59.5595,0,0,25.0,-1.0,0.0,3,0,3,5,15,45.375,0.0,59.550000000000004,0.0,0.0,51.129737854003906,23.60028076171875,0.0,1,0,3,5,15.006199999999998
Tue Jan 30 09:19:33 2024,24-002-04 bp,45.38065,0,59.5595,0,0,25.0,-1.0,0.0,3,0,3,5,15,45.380625,0.0,59.565,0.0,0.0,51.13031768798828,23.632965087890625,0.0,1,0,3,5,14.9736
Tue Jan 30 09:19:42 2024,24-002-04 bp,45.38065,0,59.5595,0,0,25.0,-1.0,0.0,3,0,3,5,15,45.378750000000004,0.0,59.561249999999994,0.0,0.0,51.12464904785156,23.615447998046875,0.0,1,0,3,5,14.9736
Tue Jan 30 09:19:51 2024,24-002-04 bp,45.38065,0,59.5595,0,0,25.0,-1.0,0.0,3,0,3,5,15,45.3825,0.0,59.561249999999994,0.0,0.0,51.11585998535156,23.55206298828125,0.0,1,0,3,5,15.009200000000002
Tue Jan 30 09:20:01 2024,24-002-04 bp,45.38065,0,59.5595,0,0,25.0,-1.0,0.0,3,0,3,5,15,45.384375,0.0,59.56875,0.0,0.0,51.121665954589844,23.565216064453125,0.0,1,0,3,5,15.009200000000002
Tue Jan 30 09:20:10 2024,24-002-04 bp,45.38065,0,59.5595,0,0,25.0,-1.0,0.0,3,0,3,5,15,45.384375,0.0,59.565,0.0,0.0,51.11907958984375,23.6390380859375,0.0,1,0,3,5,14.978399999999999
Tue Jan 30 09:20:20 2024,24-002-04 bp,45.38065,0,59.5595,0,0,25.0,-1.0,0.0,3,0,3,5,15,45.3825,0.0,59.561249999999994,0.0,0.0,51.111419677734375,23.702362060546875,0.0,1,0,3,5,14.978399999999999
Tue Jan 30 09:20:29 2024,24-002-04 bp,45.38065,0,59.5595,0,0,25.0,-1.0,0.0,3,0,3,5,15,45.3825,0.0,59.5575,0.0,0.0,51.11112976074219,23.5504150390625,0.0,1,0,3,5,14.9894
Tue Jan 30 09:21:54 2024,24-002-04 bp,45.38065,0,59.5595,0,0,25.0,-1.0,0.0,3,0,3,5,15,45.3825,0.0,59.55375,0.0,0.0,51.086700439453125,23.58074951171875,0.0,2,0,3,5,14.994200000000001
Tue Jan 30 09:22:04 2024,24-002-04 bp,45.38065,0,59.5595,0,0,25.0,-1.0,0.0,3,0,3,5,15,45.378750000000004,0.0,59.561249999999994,0.0,0.0,51.08207702636719,23.561187744140625,0.0,2,0,3,5,14.994200000000001
Tue Jan 30 09:22:13 2024,24-002-04 bp,45.38065,0,59.5595,0,0,25.0,-1.0,0.0,3,0,3,5,15,45.378750000000004,0.0,59.565,0.0,0.0,51.081565856933594,23.58074951171875,0.0,2,0,3,5,14.987200000000001
Tue Jan 30 09:22:23 2024,24-002-04 bp,45.38065,0,59.5595,0,0,25.0,-1.0,0.0,3,0,3,5,15,45.378750000000004,0.0,59.561249999999994,0.0,0.0,51.072532653808594,23.65655517578125,0.0,2,0,3,5,14.987200000000001
Tue Jan 30 09:22:32 2024,24-002-04 bp,45.38065,0,59.5595,0,0,25.0,-1.0,0.0,3,0,3,5,15,45.376875,0.0,59.5575,0.0,0.0,51.07355499267578,23.57196044921875,0.0,2,0,3,5,14.994799999999998
Tue Jan 30 09:22:42 2024,24-002-04 bp,45.38065,0,59.5595,0,0,25.0,-1.0,0.0,3,0,3,5,15,45.380625,0.0,59.5575,0.0,0.0,51.075531005859375,23.554779052734375,0.0,2,0,3,5,14.994799999999998
Tue Jan 30 09:22:51 2024,24-002-04 bp,45.38065,0,59.5595,0,0,25.0,-1.0,0.0,3,0,3,5,15,45.380625,0.0,59.5575,0.0,0.0,51.06193542480469,23.622161865234375,0.0,2,0,3,5,14.987400000000003
Tue Jan 30 09:23:01 2024,24-002-04 bp,45.38065,0,59.5595,0,0,25.0,-1.0,0.0,3,0,3,5,15,45.380625,0.0,59.55375,0.0,0.0,51.05883026123047,23.56793212890625,0.0,2,0,3,5,14.987400000000003
Tue Jan 30 09:23:10 2024,24-002-04 bp,45.38065,0,59.5595,0,0,25.0,-1.0,0.0,3,0,3,5,15,45.378750000000004,0.0,59.55375,0.0,0.0,51.062652587890625,23.5372314453125,0.0,2,0,3,5,14.9706
Tue Jan 30 09:23:20 2024,24-002-04 bp,45.38065,0,59.5595,0,0,25.0,-1.0,0.0,3,0,3,5,15,45.378750000000004,0.0,59.56875,0.0,0.0,51.052799224853516,23.561187744140625,0.0,2,0,3,5,14.9706
Tue Jan 30 09:23:29 2024,24-002-04 bp,45.38065,0,59.5595,0,0,25.0,-1.0,0.0,3,0,3,5,15,45.378750000000004,0.0,59.561249999999994,0.0,0.0,51.049842834472656,23.502532958984375,0.0,2,0,3,5,15.0064
Tue Jan 30 09:23:39 2024,24-002-04 bp,45.38065,0,59.5595,0,0,25.0,-1.0,0.0,3,0,3,5,15,45.380625,0.0,59.565,0.0,0.0,51.04603576660156,23.463104248046875,0.0,2,0,3,5,15.0064
Tue Jan 30 09:23:48 2024,24-002-04 bp,45.38065,0,59.5595,0,0,25.0,-1.0,0.0,3,0,3,5,15,45.376875,0.0,59.561249999999994,0.0,0.0,51.041893005371094,23.59588623046875,0.0,2,0,3,5,14.964400000000001
Tue Jan 30 09:23:58 2024,24-002-04 bp,45.38065,0,59.5595,0,0,25.0,-1.0,0.0,3,0,3,5,15,45.380625,0.0,59.5575,0.0,0.0,51.03950881958008,23.602630615234375,0.0,2,0,3,5,14.964400000000001
Tue Jan 30 09:24:07 2024,24-002-04 bp,45.38065,0,59.5595,0,0,25.0,-1.0,0.0,3,0,3,5,15,45.380625,0.0,59.5575,0.0,0.0,51.03722381591797,23.559173583984375,0.0,2,0,3,5,14.998399999999998
Tue Jan 30 09:24:17 2024,24-002-04 bp,45.38065,0,59.5595,0,0,25.0,-1.0,0.0,3,0,3,5,15,45.380625,0.0,59.550000000000004,0.0,0.0,51.02916717529297,23.5615234375,0.0,2,0,3,5,14.998399999999998
Tue Jan 30 09:24:27 2024,24-002-04 bp,45.38065,0,59.5595,0,0,25.0,-1.0,0.0,3,0,3,5,15,45.376875,0.0,59.550000000000004,0.0,0.0,51.025291442871094,23.53558349609375,0.0,2,0,3,5,14.995800000000003
Tue Jan 30 09:24:36 2024,24-002-04 bp,45.38065,0,59.5595,0,0,25.0,-1.0,0.0,3,0,3,5,15,45.380625,0.0,59.5575,0.0,0.0,51.02376174926758,23.4742431640625,0.0,2,0,3,5,14.995800000000003
Tue Jan 30 09:24:46 2024,24-002-04 bp,45.38065,0,59.5595,0,0,25.0,-1.0,0.0,3,0,3,5,15,45.3825,0.0,59.55375,0.0,0.0,51.01949691772461,23.561187744140625,0.0,2,0,3,5,14.994400000000002
Tue Jan 30 09:24:56 2024,24-002-04 bp,45.38065,0,59.5595,0,0,25.0,-1.0,0.0,3,0,3,5,15,45.380625,0.0,59.55375,0.0,0.0,51.02228546142578,23.524078369140625,0.0,2,0,3,5,14.994400000000002
Tue Jan 30 09:25:05 2024,24-002-04 bp,45.38065,0,59.5595,0,0,25.0,-1.0,0.0,3,0,3,5,15,45.378750000000004,0.0,59.561249999999994,0.0,0.0,51.01795196533203,23.4849853515625,0.0,2,0,3,5,15.0434
Tue Jan 30 09:25:15 2024,24-002-04 bp,45.38065,0,59.5595,0,0,25.0,-1.0,0.0,3,0,3,5,15,45.384375,0.0,59.5575,0.0,0.0,51.011680603027344,23.552734375,0.0,2,0,3,5,15.0434
Tue Jan 30 09:25:24 2024,24-002-04 bp,45.38065,0,59.5595,0,0,25.0,-1.0,0.0,3,0,3,5,15,45.375,0.0,59.565,0.0,0.0,51.010894775390625,23.559173583984375,0.0,2,0,3,5,14.9958
Tue Jan 30 09:25:34 2024,24-002-04 bp,45.38065,0,59.5595,0,0,25.0,-1.0,0.0,3,0,3,5,15,45.380625,0.0,59.561249999999994,0.0,0.0,51.013221740722656,23.483001708984375,0.0,2,0,3,5,14.9958
Tue Jan 30 09:25:43 2024,24-002-04 bp,45.38065,0,59.5595,0,0,25.0,-1.0,0.0,3,0,3,5,15,45.38625,0.0,59.55375,0.0,0.0,51.007503509521484,23.4849853515625,0.0,2,0,3,5,14.9986
Tue Jan 30 09:25:53 2024,24-002-04 bp,45.38065,0,59.5595,0,0,25.0,-1.0,0.0,3,0,3,5,15,45.380625,0.0,59.5575,0.0,0.0,51.00128936767578,23.5177001953125,0.0,2,0,3,5,14.9986
Tue Jan 30 09:26:02 2024,24-002-04 bp,45.38065,0,59.5595,0,0,25.0,-1.0,0.0,3,0,3,5,15,45.380625,0.0,59.565,0.0,0.0,51.008445739746094,23.472198486328125,0.0,2,0,3,5,14.984
Tue Jan 30 09:27:27 2024,24-002-04 bp,45.38065,0,59.5595,0,0,25.0,-1.0,0.0,3,0,3,5,15,45.378750000000004,0.0,59.565,0.0,0.0,50.97807312011719,23.473876953125,0.0,3,0,3,5,15.0184
Tue Jan 30 09:27:34 2024,24-002-04 bp,45.38065,0,59.5595,0,0,25.0,-1.0,0.0,3,0,3,5,15,45.380625,0.0,59.561249999999994,0.0,0.0,50.973854064941406,23.326263427734375,0.0,3,0,3,5,15.0184
Tue Jan 30 09:27:42 2024,24-002-04 bp,45.38065,0,59.5595,0,0,25.0,-1.0,0.0,3,0,3,5,15,45.380625,0.0,59.5575,0.0,0.0,50.97173309326172,23.556793212890625,0.0,3,0,3,5,14.997400000000003
Tue Jan 30 09:27:49 2024,24-002-04 bp,45.38065,0,59.5595,0,0,25.0,-1.0,0.0,3,0,3,5,15,45.380625,0.0,59.5575,0.0,0.0,50.968597412109375,23.45703125,0.0,3,0,3,5,14.997400000000003
Tue Jan 30 09:27:57 2024,24-002-04 bp,45.38065,0,59.5595,0,0,25.0,-1.0,0.0,3,0,3,5,15,45.3825,0.0,59.550000000000004,0.0,0.0,50.96625518798828,23.4853515625,0.0,3,0,3,5,14.9904
Tue Jan 30 09:28:04 2024,24-002-04 bp,45.38065,0,59.5595,0,0,25.0,-1.0,0.0,3,0,3,5,15,45.380625,0.0,59.5575,0.0,0.0,50.96886444091797,23.452301025390625,0.0,3,0,3,5,14.9904
Tue Jan 30 09:28:12 2024,24-002-04 bp,45.38065,0,59.5595,0,0,25.0,-1.0,0.0,3,0,3,5,15,45.376875,0.0,59.55375,0.0,0.0,50.96337890625,23.480621337890625,0.0,3,0,3,5,15.0138
Tue Jan 30 09:28:19 2024,24-002-04 bp,45.38065,0,59.5595,0,0,25.0,-1.0,0.0,3,0,3,5,15,45.380625,0.0,59.550000000000004,0.0,0.0,50.9635009765625,23.389251708984375,0.0,3,0,3,5,15.0138
Tue Jan 30 09:28:27 2024,24-002-04 bp,45.38065,0,59.5595,0,0,25.0,-1.0,0.0,3,0,3,5,15,45.384375,0.0,59.5575,0.0,0.0,50.95854187011719,23.463104248046875,0.0,3,0,3,5,15.0106
Tue Jan 30 09:28:42 2024,24-002-04 bp,0.0,0,119.119,0,0,25.0,-1.0,0.0,0,0,3,5,15,0.0,0.0,119.115,0.0,0.0,50.949195861816406,23.47625732421875,0.0,0,0,3,5,15.0362
Tue Jan 30 09:28:50 2024,24-002-04 bp,0.0,0,119.119,0,0,25.0,-1.0,0.0,0,0,3,5,15,0.0,0.0,119.11125000000001,0.0,0.0,50.95225524902344,23.47186279296875,0.0,0,0,3,5,15.0362
Tue Jan 30 09:28:57 2024,24-002-04 bp,0.0,0,119.119,0,0,25.0,-1.0,0.0,0,0,3,5,15,0.0,0.0,119.11875,0.0,0.0,50.944313049316406,23.56756591796875,0.0,0,0,3,5,15.0054
Tue Jan 30 09:29:05 2024,24-002-04 bp,0.0,0,119.119,0,0,25.0,-1.0,0.0,0,0,3,5,15,0.0,0.0,119.12249999999999,0.0,0.0,50.94397735595703,23.49176025390625,0.0,0,0,3,5,15.0054
Tue Jan 30 09:29:12 2024,24-002-04 bp,0.0,0,119.119,0,0,25.0,-1.0,0.0,0,0,3,5,15,0.0,0.0,119.11125000000001,0.0,0.0,50.93711853027344,23.4853515625,0.0,0,0,3,5,15.005199999999999
Tue Jan 30 09:29:20 2024,24-002-04 bp,0.0,0,119.119,0,0,25.0,-1.0,0.0,0,0,3,5,15,0.0,0.0,119.115,0.0,0.0,50.93907165527344,23.38323974609375,0.0,0,0,3,5,15.005199999999999
Tue Jan 30 09:29:27 2024,24-002-04 bp,0.0,0,119.119,0,0,25.0,-1.0,0.0,0,0,3,5,15,0.0,0.0,119.12249999999999,0.0,0.0,50.93608093261719,23.491424560546875,0.0,0,0,3,5,14.994799999999998
Tue Jan 30 09:29:35 2024,24-002-04 bp,0.0,0,119.119,0,0,25.0,-1.0,0.0,0,0,3,5,15,0.0,0.0,119.11125000000001,0.0,0.0,50.94149398803711,23.467803955078125,0.0,0,0,3,5,14.994799999999998
Tue Jan 30 09:29:42 2024,24-002-04 bp,0.0,0,119.119,0,0,25.0,-1.0,0.0,0,0,3,5,15,0.0,0.0,119.11125000000001,0.0,0.0,50.93280029296875,23.4176025390625,0.0,0,0,3,5,15.022
Tue Jan 30 09:29:50 2024,24-002-04 bp,0.0,0,119.119,0,0,25.0,-1.0,0.0,0,0,3,5,15,0.0,0.0,119.12249999999999,0.0,0.0,50.932106018066406,23.3326416015625,0.0,0,0,3,5,15.022
Tue Jan 30 09:29:57 2024,24-002-04 bp,0.0,0,119.119,0,0,25.0,-1.0,0.0,0,0,3,5,15,0.0,0.0,119.115,0.0,0.0,50.92985534667969,23.4698486328125,0.0,0,0,3,5,15.0024
Tue Jan 30 09:30:05 2024,24-002-04 bp,0.0,0,119.119,0,0,25.0,-1.0,0.0,0,0,3,5,15,0.0,0.0,119.12625,0.0,0.0,50.92109680175781,23.428375244140625,0.0,0,0,3,5,15.0024
Tue Jan 30 09:30:12 2024,24-002-04 bp,0.0,0,119.119,0,0,25.0,-1.0,0.0,0,0,3,5,15,0.0,0.0,119.12249999999999,0.0,0.0,50.92064666748047,23.432769775390625,0.0,0,0,3,5,15.000200000000001
Tue Jan 30 09:30:20 2024,24-002-04 bp,0.0,0,119.119,0,0,25.0,-1.0,0.0,0,0,3,5,15,0.0,0.0,119.12249999999999,0.0,0.0,50.91522216796875,23.5460205078125,0.0,0,0,3,5,15.000200000000001
Tue Jan 30 09:30:27 2024,24-002-04 bp,0.0,0,119.119,0,0,25.0,-1.0,0.0,0,0,3,5,15,0.0,0.0,119.11875,0.0,0.0,50.910797119140625,23.30670166015625,0.0,0,0,3,5,14.997399999999999
Tue Jan 30 09:30:34 2024,24-002-04 bp,0.0,0,119.119,0,0,25.0,-1.0,0.0,0,0,3,5,15,0.0,0.0,119.11875,0.0,0.0,50.90990447998047,23.371734619140625,0.0,0,0,3,5,14.997399999999999
Tue Jan 30 09:30:42 2024,24-002-04 bp,0.0,0,119.119,0,0,25.0,-1.0,0.0,0,0,3,5,15,0.0,0.0,119.11125000000001,0.0,0.0,50.91468811035156,23.41558837890625,0.0,0,0,3,5,15.0044
Tue Jan 30 09:30:49 2024,24-002-04 bp,0.0,0,119.119,0,0,25.0,-1.0,0.0,0,0,3,5,15,0.0,0.0,119.13,0.0,0.0,50.90993118286133,23.369720458984375,0.0,0,0,3,5,15.0044
Tue Jan 30 09:30:57 2024,24-002-04 bp,0.0,0,119.119,0,0,25.0,-1.0,0.0,0,0,3,5,15,0.0,0.0,119.12249999999999,0.0,0.0,50.90754699707031,23.301971435546875,0.0,0,0,3,5,14.999199999999998
Tue Jan 30 09:31:04 2024,24-002-04 bp,0.0,0,119.119,0,0,25.0,-1.0,0.0,0,0,3,5,15,0.0,0.0,119.115,0.0,0.0,50.90692901611328,23.301971435546875,0.0,0,0,3,5,14.999199999999998
Tue Jan 30 09:31:11 2024,24-002-04 bp,0.0,0,119.119,0,0,25.0,-1.0,0.0,0,0,3,5,15,0.0,0.0,119.115,0.0,0.0,50.89897918701172,23.341094970703125,0.0,0,0,3,5,14.996799999999999
Tue Jan 30 09:31:19 2024,24-002-04 bp,0.0,0,119.119,0,0,25.0,-1.0,0.0,0,0,3,5,15,0.0,0.0,119.115,0.0,0.0,50.909141540527344,23.269256591796875,0.0,0,0,3,5,14.996799999999999
Tue Jan 30 09:31:26 2024,24-002-04 bp,0.0,0,119.119,0,0,25.0,-1.0,0.0,0,0,3,5,15,0.0,0.0,119.11125000000001,0.0,0.0,50.90007781982422,23.341094970703125,0.0,0,0,3,5,15.007399999999999
Tue Jan 30 09:31:34 2024,24-002-04 bp,0.0,0,119.119,0,0,25.0,-1.0,0.0,0,0,3,5,15,0.0,0.0,119.12249999999999,0.0,0.0,50.901153564453125,23.349853515625,0.0,0,0,3,5,15.007399999999999
Tue Jan 30 09:31:41 2024,24-002-04 bp,0.0,0,119.119,0,0,25.0,-1.0,0.0,0,0,3,5,15,0.0,0.0,119.11875,0.0,0.0,50.90425109863281,23.386932373046875,0.0,0,0,3,5,15.000400000000003
Tue Jan 30 09:31:49 2024,24-002-04 bp,0.0,0,119.119,0,0,25.0,-1.0,0.0,0,0,3,5,15,0.0,0.0,119.1075,0.0,0.0,50.89080047607422,23.33465576171875,0.0,0,0,3,5,15.000400000000003
Tue Jan 30 09:31:56 2024,24-002-04 bp,0.0,0,119.119,0,0,25.0,-1.0,0.0,0,0,3,5,15,0.0,0.0,119.13374999999999,0.0,0.0,50.88897705078125,23.389251708984375,0.0,0,0,3,5,14.9988
Tue Jan 30 09:32:04 2024,24-002-04 bp,0.0,0,119.119,0,0,25.0,-1.0,0.0,0,0,3,5,15,0.0,0.0,119.11125000000001,0.0,0.0,50.88881301879883,23.3653564453125,0.0,0,0,3,5,14.9988
Tue Jan 30 09:32:11 2024,24-002-04 bp,0.0,0,119.119,0,0,25.0,-1.0,0.0,0,0,3,5,15,0.0,0.0,119.12249999999999,0.0,0.0,50.889488220214844,23.352203369140625,0.0,0,0,3,5,15.008000000000001
Tue Jan 30 09:32:19 2024,24-002-04 bp,0.0,0,119.119,0,0,25.0,-1.0,0.0,0,0,3,5,15,0.0,0.0,119.12249999999999,0.0,0.0,50.885414123535156,23.278717041015625,0.0,0,0,3,5,15.008000000000001
Tue Jan 30 09:32:26 2024,24-002-04 bp,0.0,0,119.119,0,0,25.0,-1.0,0.0,0,0,3,5,15,0.0,0.0,119.10374999999999,0.0,0.0,50.886566162109375,23.41357421875,0.0,0,0,3,5,14.999199999999998
Tue Jan 30 09:32:34 2024,24-002-04 bp,0.0,0,119.119,0,0,25.0,-1.0,0.0,0,0,3,5,15,0.0,0.0,119.11875,0.0,0.0,50.881675720214844,23.33502197265625,0.0,0,0,3,5,14.999199999999998
Tue Jan 30 09:32:41 2024,24-002-04 bp,0.0,0,119.119,0,0,25.0,-1.0,0.0,0,0,3,5,15,0.0,0.0,119.12249999999999,0.0,0.0,50.8839225769043,23.323883056640625,0.0,0,0,3,5,15.0012
Tue Jan 30 09:32:48 2024,24-002-04 bp,0.0,0,119.119,0,0,25.0,-1.0,0.0,0,0,3,5,15,0.0,0.0,119.12625,0.0,0.0,50.878658294677734,23.33941650390625,0.0,0,0,3,5,15.0012
Tue Jan 30 09:32:56 2024,24-002-04 bp,0.0,0,119.119,0,0,25.0,-1.0,0.0,0,0,3,5,15,0.0,0.0,119.11125000000001,0.0,0.0,50.876243591308594,23.34814453125,0.0,0,0,3,5,14.9982
Tue Jan 30 09:33:03 2024,24-002-04 bp,0.0,0,119.119,0,0,25.0,-1.0,0.0,0,0,3,5,15,0.0,0.0,119.11875,0.0,0.0,50.879180908203125,23.346160888671875,0.0,0,0,3,5,14.9982
Tue Jan 30 09:33:11 2024,24-002-04 bp,0.0,0,119.119,0,0,25.0,-1.0,0.0,0,0,3,5,15,0.0,0.0,119.11875,0.0,0.0,50.870845794677734,23.300323486328125,0.0,0,0,3,5,14.999199999999998
Tue Jan 30 09:33:18 2024,24-002-04 bp,0.0,0,119.119,0,0,25.0,-1.0,0.0,0,0,3,5,15,0.0,0.0,119.12249999999999,0.0,0.0,50.867401123046875,23.363677978515625,0.0,0,0,3,5,14.999199999999998
Tue Jan 30 09:33:25 2024,24-002-04 bp,0.0,0,119.119,0,0,25.0,-1.0,0.0,0,0,3,5,15,0.0,0.0,119.115,0.0,0.0,50.86714172363281,23.42669677734375,0.0,0,0,3,5,15.001
Tue Jan 30 09:33:33 2024,24-002-04 bp,0.0,0,119.119,0,0,25.0,-1.0,0.0,0,0,3,5,15,0.0,0.0,119.115,0.0,0.0,50.862937927246094,23.41558837890625,0.0,0,0,3,5,15.001
Tue Jan 30 09:33:45 2024,24-002-04 bp,0.0,0,119.119,0,0,25.0,-1.0,0.0,0,0,3,5,15,0.0,0.0,119.11125000000001,0.0,0.0,50.86302947998047,23.283111572265625,0.0,0,0,3,5,15.002600000000001
